sample_id	cohort	project_id	tissue_type	GDC_id
100_R	BRCA	CPTAC-2	Tumor	11BR020
101_R	BRCA	CPTAC-2	Tumor	11BR022
102_R	BRCA	CPTAC-2	Tumor	11BR023
103_R	BRCA	CPTAC-2	Tumor	11BR024
104_R	BRCA	CPTAC-2	Tumor	11BR025
105_R	BRCA	CPTAC-2	Tumor	11BR031
106_R	BRCA	CPTAC-2	Tumor	11BR038
111_R	BRCA	CPTAC-2	Tumor	14BR005
123_R	BRCA	CPTAC-2	Tumor	03BR013
124_R	BRCA	CPTAC-2	Tumor	05BR029
130_R	BRCA	CPTAC-2	Tumor	09BR004
131_R	BRCA	CPTAC-2	Tumor	09BR007
132_R	BRCA	CPTAC-2	Tumor	11BR006
133_R	BRCA	CPTAC-2	Tumor	11BR010
134_R	BRCA	CPTAC-2	Tumor	11BR027
135_R	BRCA	CPTAC-2	Tumor	11BR028
136_R	BRCA	CPTAC-2	Tumor	11BR030
137_R	BRCA	CPTAC-2	Tumor	11BR032
138_R	BRCA	CPTAC-2	Tumor	11BR042
139_R	BRCA	CPTAC-2	Tumor	11BR043
140_R	BRCA	CPTAC-2	Tumor	11BR047
141_R	BRCA	CPTAC-2	Tumor	11BR051
142_R	BRCA	CPTAC-2	Tumor	11BR054
143_R	BRCA	CPTAC-2	Tumor	11BR055
144_R	BRCA	CPTAC-2	Tumor	11BR056
145_R	BRCA	CPTAC-2	Tumor	11BR058
146_R	BRCA	CPTAC-2	Tumor	11BR059
147_R	BRCA	CPTAC-2	Tumor	11BR060
160_R	BRCA	CPTAC-2	Tumor	16BR012
163_R	BRCA	CPTAC-2	Tumor	18BR002
164_R	BRCA	CPTAC-2	Tumor	18BR003
165_R	BRCA	CPTAC-2	Tumor	18BR004
166_R	BRCA	CPTAC-2	Tumor	18BR006
167_R	BRCA	CPTAC-2	Tumor	18BR007
177_R	BRCA	CPTAC-2	Tumor	09BR005
183_R	BRCA	CPTAC-2	Tumor	11BR004
184_R	BRCA	CPTAC-2	Tumor	11BR044
208_R	BRCA	CPTAC-2	Tumor	14BR008
211_R	BRCA	CPTAC-2	Tumor	18BR009
212_R	BRCA	CPTAC-2	Tumor	18BR010
218_R	BRCA	CPTAC-2	Tumor	01BR033
229_R	BRCA	CPTAC-2	Tumor	06BR014
230_R	BRCA	CPTAC-2	Tumor	11BR036
231_R	BRCA	CPTAC-2	Tumor	11BR040
232_R	BRCA	CPTAC-2	Tumor	11BR050
233_R	BRCA	CPTAC-2	Tumor	11BR053
235_R	BRCA	CPTAC-2	Tumor	11BR072
236_R	BRCA	CPTAC-2	Tumor	11BR073
237_R	BRCA	CPTAC-2	Tumor	11BR074
240_R_R	BRCA	CPTAC-2	Tumor	11BR080
243_R	BRCA	CPTAC-2	Tumor	13BR009
246_R	BRCA	CPTAC-2	Tumor	14BR014
247_R	BRCA	CPTAC-2	Tumor	15BR003
25-R	BRCA	CPTAC-2	Tumor	01BR001
253_R	BRCA	CPTAC-2	Tumor	18BR016
254_R	BRCA	CPTAC-2	Tumor	18BR017
255_R	BRCA	CPTAC-2	Tumor	18BR019
256_R	BRCA	CPTAC-2	Tumor	20BR001
257_R	BRCA	CPTAC-2	Tumor	20BR002
258_R	BRCA	CPTAC-2	Tumor	20BR005
259_R	BRCA	CPTAC-2	Tumor	20BR006
26-R	BRCA	CPTAC-2	Tumor	01BR015
260_R	BRCA	CPTAC-2	Tumor	20BR007
261_R	BRCA	CPTAC-2	Tumor	20BR008
262_R	BRCA	CPTAC-2	Tumor	21BR010
263_R	BRCA	CPTAC-2	Tumor	22BR005
264_R	BRCA	CPTAC-2	Tumor	22BR006
27-R	BRCA	CPTAC-2	Tumor	01BR017
28-R	BRCA	CPTAC-2	Tumor	01BR018
29-R	BRCA	CPTAC-2	Tumor	01BR025
295_R	BRCA	CPTAC-2	Tumor	05BR005
296_R	BRCA	CPTAC-2	Tumor	05BR038
297_R	BRCA	CPTAC-2	Tumor	11BR049
298_R	BRCA	CPTAC-2	Tumor	11BR075
30-R	BRCA	CPTAC-2	Tumor	01BR027
327_R	BRCA	CPTAC-2	Tumor	01BR040
328_R	BRCA	CPTAC-2	Tumor	01BR042
329_R	BRCA	CPTAC-2	Tumor	01BR043
330_R	BRCA	CPTAC-2	Tumor	05BR042
331_R	BRCA	CPTAC-2	Tumor	05BR043
332_R	BRCA	CPTAC-2	Tumor	05BR044
333_R	BRCA	CPTAC-2	Tumor	05BR045
334_R	BRCA	CPTAC-2	Tumor	CPT000814
340_R	BRCA	CPTAC-2	Tumor	CPT001846
345-R	BRCA	CPTAC-2	Tumor	01BR009
346-R	BRCA	CPTAC-2	Tumor	05BR004
347-R	BRCA	CPTAC-2	Tumor	03BR006
348-R	BRCA	CPTAC-2	Tumor	21BR001
349-R	BRCA	CPTAC-2	Tumor	01BR010
350-R	BRCA	CPTAC-2	Tumor	01BR008
351-R	BRCA	CPTAC-2	Tumor	01BR026
352-R	BRCA	CPTAC-2	Tumor	01BR020
353-R	BRCA	CPTAC-2	Tumor	01BR023
354-R	BRCA	CPTAC-2	Tumor	09BR001
356-R	BRCA	CPTAC-2	Tumor	21BR002
40-R	BRCA	CPTAC-2	Tumor	03BR002
41-R	BRCA	CPTAC-2	Tumor	03BR004
42-R	BRCA	CPTAC-2	Tumor	03BR005
43-R	BRCA	CPTAC-2	Tumor	03BR010
48-R	BRCA	CPTAC-2	Tumor	05BR001
49-R	BRCA	CPTAC-2	Tumor	05BR003
50-R	BRCA	CPTAC-2	Tumor	05BR009
51-R	BRCA	CPTAC-2	Tumor	05BR016
58-R	BRCA	CPTAC-2	Tumor	06BR003
59-R	BRCA	CPTAC-2	Tumor	06BR005
60-R	BRCA	CPTAC-2	Tumor	06BR006
66-R	BRCA	CPTAC-2	Tumor	11BR003
67-R	BRCA	CPTAC-2	Tumor	11BR009
73_R	BRCA	CPTAC-2	Tumor	01BR030
74_R	BRCA	CPTAC-2	Tumor	01BR031
75_R	BRCA	CPTAC-2	Tumor	01BR032
83_R	BRCA	CPTAC-2	Tumor	05BR026
91_R	BRCA	CPTAC-2	Tumor	11BR011
92_R	BRCA	CPTAC-2	Tumor	11BR012
93_R	BRCA	CPTAC-2	Tumor	11BR013
94_R	BRCA	CPTAC-2	Tumor	11BR014
95_R	BRCA	CPTAC-2	Tumor	11BR015
96_R	BRCA	CPTAC-2	Tumor	11BR016
97_R	BRCA	CPTAC-2	Tumor	11BR017
98_R	BRCA	CPTAC-2	Tumor	11BR018
99_R	BRCA	CPTAC-2	Tumor	11BR019
01ed0193-216c-40b1-bdf9-3a8a56f972ae	Colon	CPTAC-2	Tumor	01CO022
0420dc35-d0de-4090-b184-89cc7d04680f	Colon	CPTAC-2	Tumor	11CO057
07f62332-1eee-46f5-af27-21b92bc416e3	Colon	CPTAC-2	Tumor	11CO008
0b780f0b-eedb-4d82-b24b-26d21c4455ba	Colon	CPTAC-2	Tumor	11CO039
0bd263a3-de54-4514-874b-a834d0508eef	Colon	CPTAC-2	Tumor	05CO044
0e9ebb02-7b2c-4c01-9d7e-af9d0e5e68fc	Colon	CPTAC-2	Tumor	20CO007
11f83251-f6ee-4433-b23a-13508f6460a1	Colon	CPTAC-2	Tumor	05CO003
18f23b20-a975-47e4-942c-7c246f9ff91b	Colon	CPTAC-2	Tumor	05CO039
220b6505-51f5-4c89-a96a-a9d35d019524	Colon	CPTAC-2	Tumor	20CO003
260e0851-37da-4a2f-a136-6016bc7c2fa3	Colon	CPTAC-2	Tumor	05CO035
29396e38-27d4-49e1-b0b8-1e8db7dc45ae	Colon	CPTAC-2	Tumor	11CO027
2e6c00dc-2bb3-4d56-8d9b-b6e20adfa1f1	Colon	CPTAC-2	Tumor	05CO050
30448a94-f4c3-48b9-8ecf-210c6b1e263e	Colon	CPTAC-2	Tumor	05CO041
31148433-20ee-4d91-99d1-527bf6d6a2ba	Colon	CPTAC-2	Tumor	01CO013
35b3477a-8814-4f40-ae47-7b40992e1a0f	Colon	CPTAC-2	Tumor	16CO012
36d3290a-b54e-4a1c-9b1d-f0ca78ac60ed	Colon	CPTAC-2	Tumor	09CO011
38d4bd5a-adc4-456c-9c52-6c4bb35e83d1	Colon	CPTAC-2	Tumor	05CO037
3bab57fc-7661-489e-80cd-1b70f5f6d128	Colon	CPTAC-2	Tumor	11CO030
3d1e938d-1803-4f0c-ba46-aaec4157e6b7	Colon	CPTAC-2	Tumor	11CO072
3d608887-c507-4378-8222-b30e7107fc00	Colon	CPTAC-2	Tumor	01CO006
40e1b971-b805-4b71-b610-c436ef50a02f	Colon	CPTAC-2	Tumor	05CO045
4266ecc1-795a-45eb-b5ab-a4285a5f8753	Colon	CPTAC-2	Tumor	09CO018
42ed3c50-13bf-4e42-8282-0cea57c60996	Colon	CPTAC-2	Tumor	05CO033
4591a53d-5668-4a70-b44b-e08a3d59267e	Colon	CPTAC-2	Tumor	09CO022
47ca2331-a860-44ca-a069-e2b2aea76a3e	Colon	CPTAC-2	Tumor	20CO004
48d26e2e-0e14-4369-ad2f-290ab9138583	Colon	CPTAC-2	Tumor	05CO005
49053342-efd4-4e02-9362-95bdb0713bb9	Colon	CPTAC-2	Tumor	01CO019
517c3923-0ab4-443e-a72d-96b4bfe731c4	Colon	CPTAC-2	Tumor	05CO026
523f34bc-abab-4477-a6b1-3f994d29d320	Colon	CPTAC-2	Tumor	11CO060
54e96ff3-c813-40cd-80c9-5a64bc0027eb	Colon	CPTAC-2	Tumor	11CO051
5739f899-065e-4a76-85fe-a6191e99be28	Colon	CPTAC-2	Tumor	11CO047
5bf103f3-22fd-4281-b713-24811af772a5	Colon	CPTAC-2	Tumor	01CO015
5c2a012d-2113-41e3-8eb0-6944c790363f	Colon	CPTAC-2	Tumor	11CO033
608d55a4-3041-4f97-a776-ba5a39f5f282	Colon	CPTAC-2	Tumor	11CO061
6464fff6-85fb-402e-9d9b-b8d29ecd772d	Colon	CPTAC-2	Tumor	05CO053
66364fc1-5e9f-49ec-9fcc-12f0e547c87c	Colon	CPTAC-2	Tumor	06CO001
6b4ca01c-c6c6-4cbe-9cb5-bece8f5704d8	Colon	CPTAC-2	Tumor	09CO005
6d9b8c32-9211-433f-b2d8-d4a121481203	Colon	CPTAC-2	Tumor	05CO049
70cf560c-06ba-41f3-9e72-8687513afded	Colon	CPTAC-2	Tumor	11CO058
779f4904-9e19-409a-bc09-a729877646c6	Colon	CPTAC-2	Tumor	11CO021
7895db93-aba6-4caa-9122-6d315808cb8a	Colon	CPTAC-2	Tumor	05CO048
790912d7-2810-4c9d-9073-44a361f69273	Colon	CPTAC-2	Tumor	11CO062
7a4ef07c-dd9b-497a-b088-bf3f2ec38132	Colon	CPTAC-2	Tumor	16CO002
7b12edaf-0d99-4cf2-950a-8d0cae1500a4	Colon	CPTAC-2	Tumor	11CO036
7de76da0-2f74-40d9-98ed-880377ac8acd	Colon	CPTAC-2	Tumor	11CO077
8039a49f-0688-432c-918b-0f3f9d3e8ec2	Colon	CPTAC-2	Tumor	09CO014
81f71020-5110-4d6c-a461-4c2909db5f0e	Colon	CPTAC-2	Tumor	14CO003
86007757-f482-47a0-82b9-506d5d9a275b	Colon	CPTAC-2	Tumor	09CO019
861c14c7-4d35-4fcd-bdc8-69b49dd560f0	Colon	CPTAC-2	Tumor	05CO047
87d455f6-4be6-4f79-b343-c4efbbd3f707	Colon	CPTAC-2	Tumor	21CO007
8913f776-fd7a-4345-9ced-bda1a2496b33	Colon	CPTAC-2	Tumor	14CO005
8ae94817-6e9d-4df0-9e20-ae4b034b4962	Colon	CPTAC-2	Tumor	11CO019
8afb4e36-d73f-4c2b-a3a3-2ac922ad2e97	Colon	CPTAC-2	Tumor	11CO052
8b48233b-2e99-4e90-884f-69f7daf3cd85	Colon	CPTAC-2	Tumor	09CO013
8d27ac05-2511-41ba-b3e4-181d77587d89	Colon	CPTAC-2	Tumor	05CO002
915c8e6b-8060-4c43-b1b7-1985244fb174	Colon	CPTAC-2	Tumor	05CO015
92424f8a-ab0f-4fb6-b1ef-56906e9b7572	Colon	CPTAC-2	Tumor	11CO079
937e8fdf-2374-4ce6-9a6b-9f997e23ad4d	Colon	CPTAC-2	Tumor	09CO006
93c796e1-7ccb-468a-9b1a-e3da63b9ede5	Colon	CPTAC-2	Tumor	21CO006
95bba73b-f215-4b5c-8183-9928d9d511ff	Colon	CPTAC-2	Tumor	01CO014
978b40fd-f4a9-4cdd-82a0-5e34bc5a1b58	Colon	CPTAC-2	Tumor	05CO006
9796fbb4-b7c3-4b49-96a5-dd727e8a49cc	Colon	CPTAC-2	Tumor	16CO006
984109ff-a992-4233-8b66-c24a0a2cfa08	Colon	CPTAC-2	Tumor	11CO005
9cec7514-2461-4666-a722-221465b25c7f	Colon	CPTAC-2	Tumor	11CO043
9deb7a6b-72dc-47f1-98a6-de492c43fa68	Colon	CPTAC-2	Tumor	05CO007
9debf573-6376-42d9-92f2-05200440a896	Colon	CPTAC-2	Tumor	24CO005
a1a06007-fa8f-45cd-ba70-c1d0a14c208b	Colon	CPTAC-2	Tumor	11CO018
a1a54e1a-7b98-419d-ac26-63ae22ea3620	Colon	CPTAC-2	Tumor	11CO020
a697d24a-7baf-48b0-9494-c75661b01db1	Colon	CPTAC-2	Tumor	11CO045
a6e3f038-7c41-4961-8833-3f9382d07281	Colon	CPTAC-2	Tumor	20CO001
a6ede44d-0206-4fc6-9888-2dea75a5cf46	Colon	CPTAC-2	Tumor	22CO004
add6e7d1-03ce-479c-bdd4-f39866357324	Colon	CPTAC-2	Tumor	11CO037
b1740653-9043-4e40-955b-5a6e348a0a9f	Colon	CPTAC-2	Tumor	11CO048
b3bace22-0c0d-4466-bf43-0445f90fbdd9	Colon	CPTAC-2	Tumor	05CO034
b67a10a4-1866-44a2-bb68-1a8ec8652427	Colon	CPTAC-2	Tumor	22CO006
b810329d-ed2e-43ff-8f6e-1fc47139d523	Colon	CPTAC-2	Tumor	15CO001
b929b222-7355-476e-8718-766dcb5c04b7	Colon	CPTAC-2	Tumor	05CO011
b9603cd7-40be-4952-93dd-76631666c251	Colon	CPTAC-2	Tumor	05CO028
ba585cef-1536-4a55-bf8f-06cf2d34b451	Colon	CPTAC-2	Tumor	14CO002
babf88e0-1797-4e2b-adf4-2327be343cf8	Colon	CPTAC-2	Tumor	06CO002
baeaf28a-7619-43ea-8440-fc8e54ca3150	Colon	CPTAC-2	Tumor	11CO010
bc1f7be1-a227-4656-94ad-6a9e83069924	Colon	CPTAC-2	Tumor	11CO059
bd5b96f6-b570-4ee8-b2e1-0131515cc980	Colon	CPTAC-2	Tumor	27CO004
bf27a624-3523-41f8-ab24-4dd700c60824	Colon	CPTAC-2	Tumor	11CO070
c058bf93-3aa5-4a87-974a-9936736c84fd	Colon	CPTAC-2	Tumor	11CO032
c216d883-4767-4659-965c-1b5b340b606f	Colon	CPTAC-2	Tumor	11CO007
ce7723b5-9182-4e56-860e-3655d873692b	Colon	CPTAC-2	Tumor	11CO054
d2f9e322-5b2c-46f9-b3f3-b64e1489b177	Colon	CPTAC-2	Tumor	09CO015
d48924d0-6757-4d9c-aed4-d92459a370f6	Colon	CPTAC-2	Tumor	05CO020
d9976d69-ead1-4b60-ad9d-be92238bc853	Colon	CPTAC-2	Tumor	01CO008
db874cae-5da2-44a4-b591-df37c8a4e33e	Colon	CPTAC-2	Tumor	11CO031
de8493f8-9416-433c-af3c-a50bd44afcc1	Colon	CPTAC-2	Tumor	05CO029
deae7e20-a45c-4bcf-b5d1-c59ec0a97a2d	Colon	CPTAC-2	Tumor	11CO042
e0dab8ee-9d6e-4a1d-bf3e-602dfd262baf	Colon	CPTAC-2	Tumor	16CO011
e10d2ef8-b134-4929-9d01-756e3419d452	Colon	CPTAC-2	Tumor	16CO003
e267b485-8da1-42aa-8686-4057bc718d4b	Colon	CPTAC-2	Tumor	01CO005
e4622ef1-a3f3-4d9e-92a5-e244bbfa781c	Colon	CPTAC-2	Tumor	09CO008
ef4bbe7e-d06f-46b8-8161-c55b24262446	Colon	CPTAC-2	Tumor	05CO032
f00c43ea-35be-4e90-8854-8c03cbc46b50	Colon	CPTAC-2	Tumor	11CO044
f19f7c3f-795b-41cf-b632-dfdd9d53e8cb	Colon	CPTAC-2	Tumor	05CO054
f9b6fd25-7ae4-45ff-bf3f-e4060efe7ac7	Colon	CPTAC-2	Tumor	11CO022
fb1066e1-d9ec-44e0-89c6-57f5b77f099c	Colon	CPTAC-2	Tumor	15CO002
fc840a34-752e-4dd5-9512-d567b6ddf71c	Colon	CPTAC-2	Tumor	05CO055
fcaba096-2f2d-4611-8feb-2a55d6b0fa1a	Colon	CPTAC-2	Tumor	11CO053
fe3dea76-3ac8-4e45-80c5-6c2b0c9077d7	Colon	CPTAC-2	Tumor	01CO001
01ae5b3c-2980-4a6e-9713-dd3c146c737f	Ovary	CPTAC-2	Tumor	17OV018
04c7980d-490b-4403-b483-985e8f096706	Ovary	CPTAC-2	Tumor	17OV030
074b2775-8494-456d-b251-fe74c53c60ff	Ovary	CPTAC-2	Tumor	02OV032
10303ceb-92eb-4ee3-9420-8448bc242a88	Ovary	CPTAC-2	Tumor	04OV023
104f2616-b0ea-40f2-8b13-16af8e7ea911	Ovary	CPTAC-2	Tumor	17OV028
108176e6-7b93-4f62-8c0b-fd604046673b	Ovary	CPTAC-2	Tumor	14OV011
1223f3ec-1d91-441e-bbb3-b2b9b8ce0d39	Ovary	CPTAC-2	Tumor	04OV053
1879fb2c-9f39-415d-8a28-42093c4030f2	Ovary	CPTAC-2	Tumor	17OV002
1f47716a-3b7c-4d8e-88e9-4c037fd279aa	Ovary	CPTAC-2	Tumor	02OV029
278f5083-10c9-47be-bb16-388d40414838	Ovary	CPTAC-2	Tumor	04OV040
27e1e1f9-85db-4381-b18e-b21b18545d73	Ovary	CPTAC-2	Tumor	17OV039
2ec80d05-b7f5-4cb4-8f38-7e4fc6064478	Ovary	CPTAC-2	Tumor	17OV034
33dbc847-dc41-406e-8413-bae1fd7d8d3b	Ovary	CPTAC-2	Tumor	04OV037
346351ee-f6a5-48b7-9867-7c096f3d2f2f	Ovary	CPTAC-2	Tumor	02OV046
37721b24-66c4-4280-972f-21efad053310	Ovary	CPTAC-2	Tumor	17OV017
40bdca60-c897-44f5-8a29-4d10901463c6	Ovary	CPTAC-2	Tumor	04OV017
446721d8-cba9-4a91-9593-7e3f62d579e1	Ovary	CPTAC-2	Tumor	17OV001
4b126ae8-7051-4a79-977d-114ff0f45db6	Ovary	CPTAC-2	Tumor	01OV039
4e106d89-a3e4-4994-baf6-3103910024cf	Ovary	CPTAC-2	Tumor	17OV040
51aa96ad-06ed-4ae5-870b-3d0e9563d928	Ovary	CPTAC-2	Tumor	02OV023
564d545b-eb29-41df-8484-d0181347f1d9	Ovary	CPTAC-2	Tumor	11OV009
5c134bd7-6f07-4f63-ba79-ce026c8b5454	Ovary	CPTAC-2	Tumor	20OV005
5ef1f516-a224-4476-8b78-3ee7a72a9184	Ovary	CPTAC-2	Tumor	04OV001
614f8351-3eb5-466d-825f-f88923d25606	Ovary	CPTAC-2	Tumor	01OV013
65986c99-2271-4722-bf28-fd85d1e76132	Ovary	CPTAC-2	Tumor	01OV017
6adff7d5-2895-4c47-a3d7-d4e66a786241	Ovary	CPTAC-2	Tumor	17OV011
7406f502-db76-4405-88e9-b650a6156760	Ovary	CPTAC-2	Tumor	26OV010
7686a019-76f6-4073-be1c-76ccf78d6522	Ovary	CPTAC-2	Tumor	02OV008
7787c2e4-f238-4888-89c8-07e712bb97e4	Ovary	CPTAC-2	Tumor	02OV045
853ff0d4-5efd-48b2-b86b-884f2f5e2a14	Ovary	CPTAC-2	Tumor	02OV044
8719ed5d-db18-4f5d-a571-d7ea72a89db1	Ovary	CPTAC-2	Tumor	01OV045
88ce038f-891b-43b8-89ec-93a674e6cf1e	Ovary	CPTAC-2	Tumor	01OV047
8a97f81d-5070-4632-9367-a1b4c1318478	Ovary	CPTAC-2	Tumor	04OV031
8adfe44a-4a10-48f4-be07-5960e5fe5afb	Ovary	CPTAC-2	Tumor	17OV019
8fc8a87b-0e72-4bab-afd1-0bbeeb495c8f	Ovary	CPTAC-2	Tumor	11OV002
90fff658-c8a9-4582-8c9a-4458427edd2a	Ovary	CPTAC-2	Tumor	17OV036
9182fd8c-5336-436f-b493-7fc8ce6e7c14	Ovary	CPTAC-2	Tumor	04OV057
91b7187e-fb73-46e7-b296-2056cc25be3f	Ovary	CPTAC-2	Tumor	01OV046
9c189695-c2d2-4acb-a6dc-dcb02a01680a	Ovary	CPTAC-2	Tumor	17OV010
a1e66fe5-9cc5-4d65-a28c-242188cd5742	Ovary	CPTAC-2	Tumor	02OV005
ab7fb63d-47d5-4397-8db5-114956b95c09	Ovary	CPTAC-2	Tumor	01OV019
acf5935c-21cc-4051-9414-74efe7894f88	Ovary	CPTAC-2	Tumor	26OV009
b30a4a11-b3f0-468a-89c5-c4fe4d309e9f	Ovary	CPTAC-2	Tumor	02OV042
b31d4d14-7aff-445e-b550-d0769c771011	Ovary	CPTAC-2	Tumor	04OV051
b509f5d4-08d5-4e4e-8b02-eef8f9de0190	Ovary	CPTAC-2	Tumor	02OV036
b65eee93-9a33-4a50-8b7c-fd77d6d39bd5	Ovary	CPTAC-2	Tumor	02OV040
b6edf615-6f46-413a-90df-7d4ec8430730	Ovary	CPTAC-2	Tumor	01OV030
b723912d-b31c-48f0-b5f0-4d56c8d4f98c	Ovary	CPTAC-2	Tumor	01OV049
baee1813-ac46-4dc8-88d3-edada99c55f0	Ovary	CPTAC-2	Tumor	02OV022
c2209f8b-f56d-4dca-98c7-4bb845d1ac6f	Ovary	CPTAC-2	Tumor	04OV036
c23f3c5e-2a9d-4434-9f96-b229d2faf016	Ovary	CPTAC-2	Tumor	04OV055
c5af6bca-cd47-4917-832a-93654fea593f	Ovary	CPTAC-2	Tumor	18OV001
c824c302-ad94-4f6b-bb8e-cdb514dc3a98	Ovary	CPTAC-2	Tumor	17OV014
cbf52837-021a-4e8a-9b10-e19be07e3422	Ovary	CPTAC-2	Tumor	17OV015
d2496178-3956-4b2f-a639-885555955cf7	Ovary	CPTAC-2	Tumor	04OV033
dde4b141-5a50-48c2-a452-9ba26bd4fa24	Ovary	CPTAC-2	Tumor	02OV035
ddfd522e-b2e2-46a3-8e15-1be2a023b152	Ovary	CPTAC-2	Tumor	26OV011
de6f8f22-5218-4a49-b680-d07360a3733c	Ovary	CPTAC-2	Tumor	17OV013
dedca1de-fa24-4bc2-bb6b-98c7b69e65fb	Ovary	CPTAC-2	Tumor	01OV002
df48e9d9-cb57-4ff8-b714-5232c4113e46	Ovary	CPTAC-2	Tumor	15OV001
e5d6c0f6-ae27-4825-989b-bf95c47422c6	Ovary	CPTAC-2	Tumor	02OV041
ea3f82f1-e426-401b-93ed-4c7bdc50eba6	Ovary	CPTAC-2	Tumor	04OV021
ea932d51-cbd6-48bb-9026-c819e69ee118	Ovary	CPTAC-2	Tumor	26OV008
eb981af4-ab62-4e0f-8557-eeea88f1b878	Ovary	CPTAC-2	Tumor	13OV004
edb19d15-2ba2-4ca4-aee0-ec76bdf4b0e2	Ovary	CPTAC-2	Tumor	02OV006
ee91b5d3-5e87-41c5-9cda-ddafa2409de1	Ovary	CPTAC-2	Tumor	17OV029
f477b266-2020-4309-9836-50d7ead88615	Ovary	CPTAC-2	Tumor	04OV054
f58734bc-79f0-4be6-8b72-dd42bf9e0e16	Ovary	CPTAC-2	Tumor	26OV002
fa649760-f617-4f9b-a0c0-3b47f3605986	Ovary	CPTAC-2	Tumor	26OV013
fab13eb4-2c65-4db7-bac8-6ee2d5107b5c	Ovary	CPTAC-2	Tumor	17OV033
faeeaa0c-90cb-403b-a125-3179cd34e7fd	Ovary	CPTAC-2	Tumor	13OV003
01d04238-303f-4ef5-b21f-54cb859460ff	CCRCC	CPTAC-3	Normal	C3N-00149
02ba0f5b-08bb-4716-bdf2-452e466d1adf	CCRCC	CPTAC-3	Normal	C3L-01861
04612cb9-d226-417c-8917-a0a2cc549e5b	CCRCC	CPTAC-3	Tumor	C3L-01288
055b1980-0c7f-46f6-9e54-5c52da328296__f983075c-d5ea-41b6-b1cf-e030bc8ab095	CCRCC	CPTAC-3	Tumor	C3L-00088
063d615a-413d-474c-bfe8-c86e7cecbc4d	CCRCC	CPTAC-3	Normal	C3L-00583
0876c0fb-e616-434c-a9d7-baf8eec50f0d	CCRCC	CPTAC-3	Tumor	C3L-00026
09e2f08b-5d7b-4e6b-b38b-bb77aaf14aea	CCRCC	CPTAC-3	Normal	C3L-00416
0aca2c39-1330-4638-836b-e343321aa69f	CCRCC	CPTAC-3	Tumor	C3L-00790
0f66dea1-6a02-446c-91c5-b8d241162a1e	CCRCC	CPTAC-3	Normal	C3L-00607
10a3c6af-5d3e-403d-ab01-db61694e5120	CCRCC	CPTAC-3	Normal	C3N-01646
10cbb9fd-26e4-43f7-b999-7eba8f2d65ec__9e7a68c4-1472-417c-a0d4-c84c4c61ce4b	CCRCC	CPTAC-3	Tumor	C3N-00494
10d6a8b3-a2e1-4428-9091-8d4085e5abc6	CCRCC	CPTAC-3	Tumor	C3L-00791
10ffd10d-f551-441e-a287-baf9263013c6__1994eb7f-2975-4444-aee6-7f568a06f1f1	CCRCC	CPTAC-3	Tumor	C3N-00242
11b60ffa-201d-48d0-a7c3-87bbe52a14ab	CCRCC	CPTAC-3	Normal	C3L-01882
12198402-e51f-4ee2-8cb5-3f89d3e124bc	CCRCC	CPTAC-3	Normal	C3L-00908
1446f564-a759-4cdf-8c1a-e70df81c28a5	CCRCC	CPTAC-3	Normal	C3N-01649
16bbdfde-e3f3-4a34-b645-c871684f5edd	CCRCC	CPTAC-3	Normal	C3L-01281
16f68636-f432-424b-b6b9-862598fd4c9f	CCRCC	CPTAC-3	Tumor	C3L-00796
17d341dc-cc7f-4efa-9725-3974b1c5efd0	CCRCC	CPTAC-3	Tumor	C3L-01882
197adde4-d1e8-48fd-b7af-4a72c4f33145	CCRCC	CPTAC-3	Tumor	C3L-00606
1a0b436d-7609-402d-97f2-4fe4544f8f84	CCRCC	CPTAC-3	Tumor	C3L-00610
1b5f3393-9f11-4f6f-bcee-d1a1c91ba555__f84146d3-b67b-498e-8350-d8b22257b530	CCRCC	CPTAC-3	Tumor	C3L-01352
1b868097-a67e-423e-b562-03e989627764	CCRCC	CPTAC-3	Normal	C3L-00088
1bde63ec-beab-4354-95d5-3009cfe8b31d	CCRCC	CPTAC-3	Normal	C3N-00194
1c816bd4-c380-4342-aa25-c0cb0cd39447	CCRCC	CPTAC-3	Tumor	C3L-01603
200bae90-9d4f-4776-92cc-bffd55e770ed	CCRCC	CPTAC-3	Normal	C3N-01522
203fca63-0f47-4cf6-b2f0-45dc6f8d720c	CCRCC	CPTAC-3	Normal	C3N-01361
215f6d94-01f4-4201-8f45-97c1a4fdfaaf	CCRCC	CPTAC-3	Normal	C3L-00026
22809d8b-fe81-4e5c-9c5a-9a58f5f53e92	CCRCC	CPTAC-3	Tumor	C3L-01885
235a0f98-339c-498d-8452-accd9554f67d	CCRCC	CPTAC-3	Tumor	C3N-00305
23e93ffa-925b-48a7-9589-7708ffc03d10	CCRCC	CPTAC-3	Tumor	C3L-00908
2712e751-d83a-4cdc-9fad-8193fc8f2292	CCRCC	CPTAC-3	Normal	C3L-00079
27a45295-d131-4995-a629-b38555f11d7d	CCRCC	CPTAC-3	Tumor	C3L-00096
27f9335d-c493-4290-a385-056e9afaa2e6__6cff0345-97ae-4198-b413-72fcafe094ee__fcbf0a05-def0-4461-9e08-ec53e30197cf	CCRCC	CPTAC-3	Tumor	C3N-00244
2a174de8-cf21-4dbf-b601-ea9b710866bc	CCRCC	CPTAC-3	Tumor	C3N-01220
2a23f186-5dae-4504-a6ab-15f9afa1b195	CCRCC	CPTAC-3	Normal	C3N-00310
2db815fd-f1ae-4b62-a38c-521c190e10e3	CCRCC	CPTAC-3	Normal	C3N-00852
2e3fa7d9-e967-4c75-bbb7-c13602ffd782	CCRCC	CPTAC-3	Tumor	C3N-01180
2e7e8ba2-b950-4872-b163-4b0a4e83f66d	CCRCC	CPTAC-3	Normal	C3N-00577
2ef51e93-cded-4e9f-8704-9c82c6e1efd8	CCRCC	CPTAC-3	Normal	C3N-01651
30c2ee8d-7311-4c83-a827-4cd6a11499b1	CCRCC	CPTAC-3	Tumor	C3L-01560
33e07e1d-1b5f-4f73-9791-ded5bb86133c	CCRCC	CPTAC-3	Normal	C3L-00004
36bd6e29-a176-4b6b-bbf0-5092e41b0b61	CCRCC	CPTAC-3	Normal	C3N-00150
3b8d9f6b-e030-43ce-80d0-df0d527960ca	CCRCC	CPTAC-3	Tumor	C3N-00733
3f1c45ce-6228-4fe7-a2a4-4b50af46ed32	CCRCC	CPTAC-3	Normal	C3N-01214
4229ad55-48de-4ebd-bd41-0c58878856c5	CCRCC	CPTAC-3	Tumor	C3L-00360
46cdd3b9-032b-4a1c-b2c0-fdda6401d1e4	CCRCC	CPTAC-3	Tumor	C3N-00150
476bb58d-18bd-4c6b-b6b1-b68782697ed4	CCRCC	CPTAC-3	Tumor	C3N-00310
48ac1ce7-7a80-4f4b-8cfc-76012de95b57	CCRCC	CPTAC-3	Normal	C3L-01286
4968f9c6-87e9-45a3-a983-2579a8212735__b1b745e6-cae0-4623-b6c2-7fd515318b1d	CCRCC	CPTAC-3	Tumor	C3L-00183
4a2414fa-67c1-4faf-a3ec-5a99d8ef15a3	CCRCC	CPTAC-3	Tumor	C3N-01213
4aa67ca1-5907-4d68-b4e2-6100d6c575cf	CCRCC	CPTAC-3	Normal	C3L-01607
4c5931ec-a430-4a5f-854b-5880468112d9	CCRCC	CPTAC-3	Normal	C3N-00495
503d1031-c06c-4a1c-9558-25b799595d56	CCRCC	CPTAC-3	Tumor	C3N-00314
50577343-8d4b-4dcb-bf78-9a645bdac189	CCRCC	CPTAC-3	Normal	C3L-00606
510a0fea-8dda-4e77-b688-f9cb3bcd3d8b	CCRCC	CPTAC-3	Tumor	C3L-01313
51569702-1a49-4646-8f35-1ea84d3411a1	CCRCC	CPTAC-3	Tumor	C3L-00812
535e5536-a2e6-40f8-a1fb-08c8ebbe57e0	CCRCC	CPTAC-3	Normal	C3N-00491
5493b265-dd8d-4621-904b-4c815ca980f2	CCRCC	CPTAC-3	Tumor	C3L-01607
564fc785-4328-42a1-bb05-2c1558aeeb08	CCRCC	CPTAC-3	Tumor	C3N-00320
57826b73-baf2-4421-8358-2ba5d540ab2c	CCRCC	CPTAC-3	Tumor	C3N-00437
5d06a473-4d82-4bd6-ba6e-7d67b07fd71a	CCRCC	CPTAC-3	Normal	C3L-00581
5d5fbdae-7b3e-4b91-85d8-b3ee4c7cb3df	CCRCC	CPTAC-3	Tumor	C3N-00834
5e2f03d1-2d07-413f-8ba2-cfdff69756c1	CCRCC	CPTAC-3	Normal	C3N-00834
5e4fdbff-ddcc-4ec0-ac4b-258f448aa716	CCRCC	CPTAC-3	Tumor	C3L-01283
5ee8a4ef-4efc-478b-87f2-7c3f6e0b2802	CCRCC	CPTAC-3	Normal	C3L-00369
5f0cfc5c-0792-4782-bf64-8fa1d60320a4	CCRCC	CPTAC-3	Normal	C3N-01524
5fee15db-5bd9-4421-a33e-0286137daadf	CCRCC	CPTAC-3	Normal	C3L-00910
6024b410-0bc3-46df-a735-146333ea0e99	CCRCC	CPTAC-3	Normal	C3N-00831
60c1da0d-608b-4843-8e14-e6542cab0a9c	CCRCC	CPTAC-3	Normal	C3N-00733
644ea9d2-e497-499a-a580-472489553f9f	CCRCC	CPTAC-3	Tumor	C3L-01861
65647909-2a7e-4134-8aa8-8b856ae0533c	CCRCC	CPTAC-3	Tumor	C3L-00369
659f33cb-e0f2-456a-9dff-39c33c39767c	CCRCC	CPTAC-3	Tumor	C3L-01302
6634e3e7-efd4-40a8-b8f1-c06fa8178f81	CCRCC	CPTAC-3	Normal	C3N-01648
6787083c-d663-41d2-a293-ef838432a066	CCRCC	CPTAC-3	Tumor	C3N-00495
678a7587-9ac7-4d78-a9af-36586adb6fdf	CCRCC	CPTAC-3	Normal	C3N-00177
6a23b8bb-c8a8-4c3f-8df8-354804c31b71	CCRCC	CPTAC-3	Normal	C3L-00917
6b44d622-a6a9-4296-aa26-d782c23a57a2	CCRCC	CPTAC-3	Tumor	C3L-00800
6ccc231c-515e-491d-98f1-96dae81c8dc4	CCRCC	CPTAC-3	Tumor	C3L-00447
6deebfd0-1357-4c38-8268-ad2fbc85bead	CCRCC	CPTAC-3	Tumor	C3L-01836
6e0a71a6-2169-4c63-a0b5-5466ae1d8d8e	CCRCC	CPTAC-3	Tumor	C3N-01361
6e5ff98b-80b4-4c78-85ef-527d52219525	CCRCC	CPTAC-3	Tumor	C3N-00435
6f44643e-b8d8-42bc-92c4-07329ab238ea	CCRCC	CPTAC-3	Tumor	C3N-01524
6f56d3a0-5c29-4956-b02a-8636957c94f3	CCRCC	CPTAC-3	Tumor	C3N-01261
72d939da-be9e-4150-adee-f11d62fc9ea3	CCRCC	CPTAC-3	Normal	C3N-00148
72df0fc1-a281-4325-9cf8-9a66808bd1eb	CCRCC	CPTAC-3	Tumor	C3N-01649
73337d52-dcb2-47bc-bdbd-3a8c703efd40	CCRCC	CPTAC-3	Tumor	C3N-00832
73747b68-5b9d-46f6-a712-315d1e6eddc4	CCRCC	CPTAC-3	Normal	C3L-00418
76f43710-768e-4529-887c-4854553241ea	CCRCC	CPTAC-3	Tumor	C3L-00416
774af7f2-5a53-4fff-88e4-d44cb05e1494	CCRCC	CPTAC-3	Tumor	C3N-00852
7a99ff44-201d-4c6c-9a2a-d9bc455e8735	CCRCC	CPTAC-3	Normal	C3N-00573
7aa1a28d-16fd-4ec8-86f2-9656ae670cc5	CCRCC	CPTAC-3	Normal	C3N-00168
7abde899-54db-4308-840a-b532a4ff7d65	CCRCC	CPTAC-3	Tumor	C3L-00418
7b0a1ef2-aa4c-4046-a1b5-9a02fb3aa205__8a6efbf1-cb9b-474d-8a67-11747f0dc84e	CCRCC	CPTAC-3	Tumor	C3N-01808
7d8eb85d-8617-4736-93be-4d5711d16e9f	CCRCC	CPTAC-3	Tumor	C3N-00154
7f350102-4107-4f82-a60c-b34bbb141179	CCRCC	CPTAC-3	Normal	C3N-01175
7f941f9f-b155-4d44-b3d2-6c01b076ac00	CCRCC	CPTAC-3	Tumor	C3N-00577
83f6c72e-d743-4101-8301-f2b9cc65d6e0	CCRCC	CPTAC-3	Tumor	C3N-00313
842a6b55-72c6-4b7f-bde9-6897c4429188	CCRCC	CPTAC-3	Normal	C3N-01220
86f18da9-f5f2-4033-88c8-86c044841fc7	CCRCC	CPTAC-3	Normal	C3N-01179
8999c6df-b66b-4749-97c1-f3b75697b37d	CCRCC	CPTAC-3	Tumor	C3N-01214
89ee14e8-c27e-4bb9-b03e-59a79381ed75	CCRCC	CPTAC-3	Tumor	C3L-00917
8b43df4e-a063-4c53-b48b-74b6048771f1	CCRCC	CPTAC-3	Tumor	C3L-00902
8d0ab88d-26c8-4080-8635-586965a92bca	CCRCC	CPTAC-3	Normal	C3L-01836
8f9d5a6e-4339-4054-b8b3-1509f191611d	CCRCC	CPTAC-3	Normal	C3L-00010
9074871a-34eb-4db3-af1b-b7a3811f1c5c	CCRCC	CPTAC-3	Tumor	C3L-01281
90d501c9-8c51-4490-88f7-96186c4aa42e	CCRCC	CPTAC-3	Tumor	C3L-00766
921cf871-f3ea-44f2-b0ef-4dede9a661b3	CCRCC	CPTAC-3	Tumor	C3N-01179
955ffc68-b2b8-4629-bc30-604e8cf80c5e	CCRCC	CPTAC-3	Tumor	C3N-01200
95d9801a-70f0-49e2-86d6-a78af6738e59	CCRCC	CPTAC-3	Tumor	C3N-01178
9611cda0-d73a-4195-8047-e83951ebaaed	CCRCC	CPTAC-3	Normal	C3L-00096
9b21a964-5c0a-4ad6-84a1-87555bf7d195	CCRCC	CPTAC-3	Tumor	C3N-00573
9b83331a-4bac-43a5-b745-ae320393520d__ea527177-f384-49ae-bf04-9d639dd11f5a	CCRCC	CPTAC-3	Tumor	C3N-01648
9bc75c2b-3fd3-46bc-bcbd-df6e466a9457	CCRCC	CPTAC-3	Normal	C3L-01603
9c039399-91c5-4779-a266-93fa3e03e03d	CCRCC	CPTAC-3	Tumor	C3N-01651
9ccc833c-363a-49da-9376-e081efd8873e	CCRCC	CPTAC-3	Tumor	C3L-01553
a0083206-0e25-4d7d-93be-aeecf50f5ad7	CCRCC	CPTAC-3	Normal	C3L-00907
a101330c-1662-4f19-b879-af1b02f5ad80	CCRCC	CPTAC-3	Normal	C3L-00448
a3dc1947-6593-41d1-ad10-90ed193a638b	CCRCC	CPTAC-3	Tumor	C3N-00312
a4cf3b69-af22-4f69-8746-5337591a61f7	CCRCC	CPTAC-3	Tumor	C3L-00359
a65b241c-2559-4848-a0f7-c72cf6d63ddd	CCRCC	CPTAC-3	Tumor	C3N-01176
a7d2ad6a-b457-4385-b39e-57d6effb7d19	CCRCC	CPTAC-3	Tumor	C3N-01522
a92d0378-51cb-40f7-860c-52a3d11aed4f	CCRCC	CPTAC-3	Tumor	C3N-00177
a9422ea6-3254-4901-b541-dae0d4d12026	CCRCC	CPTAC-3	Normal	C3N-00435
a9ec9457-87b5-434d-b540-aea93b9fbfd0	CCRCC	CPTAC-3	Tumor	C3L-00907
aaef9d6c-47e4-4444-bb76-d5541e734616	CCRCC	CPTAC-3	Normal	C3N-00390
ac5b9c3e-1993-4f86-a635-e3f19c99f252	CCRCC	CPTAC-3	Normal	C3L-00447
addabf29-b512-442b-8429-7f1c62b9f546	CCRCC	CPTAC-3	Tumor	C3L-00079
af679f3e-86e6-4f52-a2c6-0b4e3a64f1c6	CCRCC	CPTAC-3	Normal	C3L-00814
b0765dde-9bf8-405b-80a5-eaab76c77a30	CCRCC	CPTAC-3	Tumor	C3N-00390
b104b358-745c-4123-9113-9d32f17004e3	CCRCC	CPTAC-3	Tumor	C3N-01646
b76720db-8d47-4c95-8b4b-b51ff66da8be__c40bf848-8c4e-43cb-98d2-2820c621e2c8__eb2b29db-2b40-44b2-8e2e-d83ff4b9dd96	CCRCC	CPTAC-3	Tumor	C3N-00246
bab96269-8409-4a23-9f98-e41de6b704fb	CCRCC	CPTAC-3	Normal	C3L-00011
bad95903-cb7a-4db5-988a-c4d5c3135ec8	CCRCC	CPTAC-3	Tumor	C3L-00792
c06decb4-dc1d-443c-8ca0-4a355d29ec78	CCRCC	CPTAC-3	Normal	C3L-01885
c1a95f0f-b68a-4620-a7dc-5857f48e1462	CCRCC	CPTAC-3	Normal	C3N-01176
c43c4d5e-a8de-46a8-9ae9-f0146341c6d7	CCRCC	CPTAC-3	Tumor	C3N-00380
c5148c96-4b2e-4980-9276-ad2ccedb3e2b	CCRCC	CPTAC-3	Tumor	C3L-00814
c67355c7-7132-4088-a809-33f7dc79a093	CCRCC	CPTAC-3	Normal	C3N-00242
c6e39ae2-d05c-470d-88b8-be359dacaedb	CCRCC	CPTAC-3	Normal	C3L-00103
c6ecab9f-2e5e-45ef-8ae0-a17414a8334c	CCRCC	CPTAC-3	Tumor	C3N-00315
c8154cb8-d29e-47f2-891c-d631f25ab41b	CCRCC	CPTAC-3	Tumor	C3L-00010
c8b12790-eaf5-4871-8d4d-7e6b0e9d3e61	CCRCC	CPTAC-3	Tumor	C3L-00004
c8b84a03-7578-42f2-8249-4d7b245bd5e6	CCRCC	CPTAC-3	Normal	C3N-01178
c9f5cfe7-4255-475a-a447-4925ca06df67	CCRCC	CPTAC-3	Tumor	C3L-00097
c9fde988-dd85-4476-98e6-f485d8a0efb1	CCRCC	CPTAC-3	Tumor	C3N-00148
ce7118e1-f08e-4f85-8382-00a66f31126b	CCRCC	CPTAC-3	Normal	C3L-01302
cf3b68e8-4fea-46a4-b0bf-85f0619bebdb	CCRCC	CPTAC-3	Tumor	C3N-00646
d04691e2-a8d9-4842-8c83-11dde8b1d8d5	CCRCC	CPTAC-3	Tumor	C3L-00011
d26c2302-61f3-48c9-a7f3-53e383d24b19	CCRCC	CPTAC-3	Tumor	C3N-00953
d348aec0-d9cd-4e39-a1cf-546c73c5c286	CCRCC	CPTAC-3	Tumor	C3N-00149
d49bd378-d5d1-49b4-ad7e-8224d0034d98	CCRCC	CPTAC-3	Normal	C3N-01808
d6b39b65-979c-41ad-a640-c254a36073ae	CCRCC	CPTAC-3	Tumor	C3L-01286
d6ec5533-e8b6-4a14-a455-cf81730938ad	CCRCC	CPTAC-3	Tumor	C3L-00561
d93866b4-c2bc-4188-8138-a4c951464a49	CCRCC	CPTAC-3	Normal	C3N-00494
da1ef362-573c-4659-b300-3de5a4ed693c	CCRCC	CPTAC-3	Normal	C3N-00244
da4334cc-2278-47fb-8e01-451cf0f95721	CCRCC	CPTAC-3	Tumor	C3L-00817
dab1d0d1-3eec-41d6-96ba-8f16cc3e60f5	CCRCC	CPTAC-3	Tumor	C3N-00168
dce267fe-4827-4b8f-8c85-8149e5d36c17	CCRCC	CPTAC-3	Normal	C3L-01287
deebc8ef-52d4-43d0-8739-194383726bb6	CCRCC	CPTAC-3	Tumor	C3L-00799
e2850021-f01b-4529-a99f-9e2d485f73b0	CCRCC	CPTAC-3	Tumor	C3L-00910
e2936da5-e097-4985-a9d3-38ecfc83f94c	CCRCC	CPTAC-3	Normal	C3N-00646
e4cb077d-6605-499e-ab01-496055a5e1bc	CCRCC	CPTAC-3	Tumor	C3N-01175
e5d59176-fcd3-4164-ba43-276c7454ab22	CCRCC	CPTAC-3	Tumor	C3L-00448
e65b4a25-b2eb-47cf-b01a-a3164f687520	CCRCC	CPTAC-3	Tumor	C3N-00317
e6efeeda-c61f-4243-ab9c-9138ced0f9aa	CCRCC	CPTAC-3	Tumor	C3N-00831
e94bef00-57e8-441e-aa84-bd5bba665f21	CCRCC	CPTAC-3	Tumor	C3N-00492
e9dac183-b6d2-4cf0-a54f-537a8386d08f	CCRCC	CPTAC-3	Tumor	C3L-00583
ed1b31c8-c622-4810-84c0-fcc12c9b8c5c	CCRCC	CPTAC-3	Normal	C3L-00561
eeaa8593-c34d-41cb-8b29-f5989cbfcadd	CCRCC	CPTAC-3	Tumor	C3L-00765
eec56e3e-23ee-4ef2-bdeb-f568555c14f9	CCRCC	CPTAC-3	Normal	C3N-01200
eedf6c37-be48-4eb6-a90f-8de19c657541	CCRCC	CPTAC-3	Tumor	C3L-01557
efba6c47-bc56-4c4c-800d-4b8abb282b1d	CCRCC	CPTAC-3	Normal	C3L-00097
f0218576-ada3-47fb-978e-3d07f4d07666	CCRCC	CPTAC-3	Tumor	C3N-00194
f0b9aead-0d6c-4ab1-999b-8dc419ba3fec	CCRCC	CPTAC-3	Normal	C3N-01261
f100e99c-b3a7-408e-8445-a2cd7a54d59d	CCRCC	CPTAC-3	Normal	C3N-00314
f3925dad-54f8-4eb7-afaa-f4efb43bf36e	CCRCC	CPTAC-3	Tumor	C3L-01287
f3d6e742-65cd-41b9-8746-82ace29233d7	CCRCC	CPTAC-3	Normal	C3L-01313
f595cc43-0d41-4720-aa34-a6639ec83a01	CCRCC	CPTAC-3	Tumor	C3N-00491
f76b9c1f-46ac-4a96-841e-00051635974d	CCRCC	CPTAC-3	Normal	C3L-00902
f7ea3163-5f54-47f0-bc3d-92b1e2d76135	CCRCC	CPTAC-3	Tumor	C3L-00103
fc256821-41c9-47f2-9957-4532e21a40cd	CCRCC	CPTAC-3	Tumor	C3L-00581
fe1475f1-cbea-4915-8355-02fea70acb51	CCRCC	CPTAC-3	Normal	C3L-00360
fe3fff51-2a05-4fb7-8f59-dcd1173a4f52	CCRCC	CPTAC-3	Tumor	C3L-00813
feead7bf-e439-40ce-b1fe-23f06df0c5d6	CCRCC	CPTAC-3	Tumor	C3L-00607
00848ea4-c3f9-40bb-b37d-c084eaf51dcb	GBM	CPTAC-3	Tumor	C3N-03070
00ff9dcc-d053-42d1-8c0c-1b67f9c080da__9b446072-9587-4282-b448-ece42ad1989b	GBM	CPTAC-3	Tumor	C3L-03390
0291f03c-1348-40e1-b4f0-1d9c9683de41__1144ee40-6830-4df2-b072-7ff9f2dd9550__7ed3d7a2-dd9c-4557-ba6b-8fcc2a7f02a2__ac8664aa-6fe4-429a-8223-ea6920f9fe0f	GBM	CPTAC-3	Tumor	C3L-02984
046bf2fc-bbc1-4b09-a91c-af7c1813a186	GBM	CPTAC-3	Tumor	C3N-02181
047df64a-d51f-44dd-a921-c4761ae9596f	GBM	CPTAC-3	Tumor	C3N-02183
04a592ba-1163-4f3f-b448-986572a8f0cf	GBM	CPTAC-3	Tumor	C3L-02955
074884d4-a09e-475f-b710-946517b34356	GBM	CPTAC-3	Tumor	C3L-02465
08231998-9193-483d-8e11-8d2a56e93c13__1deed06d-9446-4a4f-b452-350daba32d1c__6575f015-252b-416f-b87a-9dd2a2877cd8	GBM	CPTAC-3	Tumor	C3L-02707
0973056d-288c-4131-b94f-40bab869d7bd__92c593d4-55f5-4c35-a345-02eeb5569da8__e26e6c97-18ae-4ce9-aa6d-e49a12e02334	GBM	CPTAC-3	Tumor	C3L-02704
0b51e408-55be-47bc-9d43-6030e1492c8d__65b2eca5-17b8-446c-8ca3-7dfb8d47156f	GBM	CPTAC-3	Tumor	C3L-03400
0bd0f625-3f4b-4062-bead-c45dec33140f	GBM	CPTAC-3	Normal	PT-RN5K
0d7a2e99-e3c0-4b06-8109-24f3b7b5cdcb	GBM	CPTAC-3	Tumor	C3L-00674
0dfe8e3c-53ba-41af-b010-194c5bae629a	GBM	CPTAC-3	Tumor	C3N-01366
11b0767c-09fc-4d56-9f7c-c79afc767f44	GBM	CPTAC-3	Tumor	C3N-02255
1290912a-7232-412d-9d0e-4e7945c1210b__45e9f745-57ab-4b1f-9c77-291c5b859434	GBM	CPTAC-3	Tumor	C3L-02708
1404da6d-545e-46bc-9a27-b8eb504c0870	GBM	CPTAC-3	Normal	PT-QVJO
1470e0ae-4e67-40fd-9070-df81f9ac5f4f__50f1d7b3-a37b-421c-9d2d-8972b27f5751	GBM	CPTAC-3	Tumor	C3N-02190
1800339a-9306-48f1-a4cb-5836310680f1	GBM	CPTAC-3	Tumor	C3N-01816
18c78ae2-77c2-4d7a-8ada-d870c6d78225	GBM	CPTAC-3	Tumor	C3N-01505
20fc29d0-1060-4e43-aa08-3ca817a95ae4__523d96ac-7f20-4e80-9fa3-120fa080c75b	GBM	CPTAC-3	Tumor	C3L-01154
2240eac6-b4be-4056-9422-d688b48048bb	GBM	CPTAC-3	Tumor	C3N-03180
28a0d90a-5483-46bc-954d-2ed7bec4d2f7__6f90d1eb-806f-478f-a1d2-430b26ebd395	GBM	CPTAC-3	Tumor	C3L-01146
2abe71bf-db7f-41d8-9ad0-839cc4124df3	GBM	CPTAC-3	Tumor	C3N-02769
2ae6909b-6335-467f-894d-10ab4bd72771	GBM	CPTAC-3	Tumor	C3N-01367
2cd374ab-8646-4803-8878-4d7f993b256e__a11f5dd3-63e5-4403-8735-d0fcc79e2e6b	GBM	CPTAC-3	Tumor	C3L-01155
2ecc0088-a127-4131-821f-c7d8863e3d39	GBM	CPTAC-3	Tumor	C3L-03728
331b4168-af74-44c4-9c2c-235b295a32aa	GBM	CPTAC-3	Tumor	C3L-00104
334d4ec6-ae9a-426b-9e32-7b814959b281	GBM	CPTAC-3	Tumor	C3L-03405
33d1fd2e-ac99-463e-9f55-ffbae5584510__3c6df92f-bccf-436e-ac97-85c81ed25f42__5000e4a1-f428-461d-9551-e208d0038374__c74a5ee1-f941-498d-8cb5-7e124e731932__d5b4667b-86a2-4668-b8f4-0d34a7fca14c	GBM	CPTAC-3	Tumor	C3L-03407
3421bd7e-521d-4ed1-a091-13872c725b87	GBM	CPTAC-3	Tumor	C3N-01368
3685f8d1-9671-4aa7-913e-ebe31b68d425__afdd1407-65a2-4b64-b3ac-2102f1348383	GBM	CPTAC-3	Tumor	C3N-03183
36a392eb-50ac-46a2-ad0a-d0c95517e189__5c482bec-a355-49ce-897a-27c21b4ed502__ce7e9ecf-6fdb-4036-bbbe-7bcbbf03a12e	GBM	CPTAC-3	Tumor	C3L-02705
36c4f984-0e2a-4bec-bb53-897979484965	GBM	CPTAC-3	Tumor	C3N-03088
36f269c8-c23d-4e85-84ea-4ad65a33330f__bf14e676-b939-404a-86cc-60d8c3543bc7	GBM	CPTAC-3	Tumor	C3N-01814
38148721-d38a-49a1-987a-18047ee89cae	GBM	CPTAC-3	Tumor	C3L-01157
3e7f1fd4-e71a-4b65-bcf3-326ba8b2fd3b	GBM	CPTAC-3	Normal	PT-R55F
3fa5aa04-7cd2-4ca9-a78a-8102f3300f0e__af00a999-77f6-4722-8f2a-caf51871a566	GBM	CPTAC-3	Tumor	C3L-01142
4126426c-203d-4cd4-ba17-0ef76440cf87	GBM	CPTAC-3	Tumor	C3N-03182
42fd6f25-8f43-4ff2-844e-d99ded7c3598__cb11fd26-37ba-4dad-83f3-99c05588bf77	GBM	CPTAC-3	Tumor	C3L-01046
4452ca35-8c6c-4549-a538-86c7f2e82f2f	GBM	CPTAC-3	Tumor	C3N-01852
452348e2-ee6d-4acc-a373-a391bfc08bb6__a4285cdd-0ee4-451a-a054-29ec853e6078	GBM	CPTAC-3	Tumor	C3L-01049
47e6c920-ca69-4d27-a7db-4cc132b7d56e__909bf31a-6083-4f67-904a-7e94aeb90767	GBM	CPTAC-3	Tumor	C3N-02784
4bd75006-b9ae-4f2b-9ebc-77eff26b7a78	GBM	CPTAC-3	Normal	PT-UTHO
4c1c03f2-1b8d-4c77-8f9b-b1cea9641c17	GBM	CPTAC-3	Tumor	C3L-02542
4c8f9392-2b64-4ef1-a6f2-db31e3f2b02b	GBM	CPTAC-3	Tumor	C3L-01045
4dac9fd4-c871-4cb5-840f-c545c1dff457	GBM	CPTAC-3	Normal	PT-P44H
51d66aaa-317b-4f2b-9473-c1e9c26dacc1__bb9b5076-8d1a-4dcb-b378-981489c10288__d669c0cf-af25-477d-b068-8edf3f333bb6	GBM	CPTAC-3	Tumor	C3L-03744
52444a61-31fe-4969-abb7-1bb4e2483738	GBM	CPTAC-3	Tumor	C3N-01851
533c2b91-2d31-4fa1-a72a-3fdd9e6a6b7c	GBM	CPTAC-3	Tumor	C3L-03260
583d3b54-b3f5-47c9-90c6-479f14861f72	GBM	CPTAC-3	Tumor	C3L-03387
5ec858b5-3cb6-4941-b23d-058b6ccc1460__da19d5a4-05d0-4b53-916e-0de253882b6d	GBM	CPTAC-3	Tumor	C3N-02770
5fbbf97f-00eb-4638-af32-071903813809__f11d74b0-fe0e-4d5b-abd5-bc4b13f7ec2c	GBM	CPTAC-3	Tumor	C3N-01857
64ae63cb-418d-4ceb-9f8a-dec0128e022a	GBM	CPTAC-3	Tumor	C3N-01518
68de0994-c58e-4042-9b8d-863f798171b3	GBM	CPTAC-3	Tumor	C3L-01043
6dac3d25-1743-4147-98f5-66d6eaede47f	GBM	CPTAC-3	Tumor	C3N-01369
6e138fdf-589c-4414-961e-ec6f94f70ee2	GBM	CPTAC-3	Tumor	C3N-02186
6e82fa24-6585-4cd1-be8b-a57a5789d3f2	GBM	CPTAC-3	Normal	PT-Y8DK
6efa9f62-df24-4381-8e8f-29a75adbcee9	GBM	CPTAC-3	Tumor	C3N-03473
704f4d9d-153b-4035-a30b-e3139a80aa74	GBM	CPTAC-3	Tumor	C3N-01192
781691bd-ce92-4eae-b8f2-832ae8715fad	GBM	CPTAC-3	Tumor	C3L-02900
79d515db-a72f-4123-804c-374e55f1a3db	GBM	CPTAC-3	Tumor	C3L-03748
7c1cdbcb-0345-4fe6-93cb-3402b93072ab	GBM	CPTAC-3	Tumor	C3L-02504
80273d65-55f9-4ce6-b479-a9f849ab5389	GBM	CPTAC-3	Tumor	C3N-02185
80402924-c2e0-4764-9b4c-6961d95f0580__cf007fef-9991-44a0-9c1e-f7a7e6ee6e84	GBM	CPTAC-3	Tumor	C3L-01156
80a7b8a9-999d-4305-81d9-cdc83bed1ca1	GBM	CPTAC-3	Tumor	C3L-02970
81537e8b-e699-46a1-898a-d6f5d72925f4	GBM	CPTAC-3	Tumor	C3N-01196
8336dd6f-04af-4a60-b292-fd7fd037e97c__d0a0447f-dbac-422d-b849-269d594ac68b	GBM	CPTAC-3	Tumor	C3L-03392
8a217600-83e2-4e9b-8dbb-9866731f0af4	GBM	CPTAC-3	Tumor	C3N-00665
8aec87a0-5e3a-4f77-b4f6-7fb1c402f0fb	GBM	CPTAC-3	Normal	PT-RU72
905cfe23-4855-4707-8072-2eccbb0a40cd	GBM	CPTAC-3	Tumor	C3L-01048
911e172f-3f03-4017-b5d1-e03c47f294ec	GBM	CPTAC-3	Tumor	C3N-02188
93e466b9-246a-4bbd-9b2f-b72eafdea08b	GBM	CPTAC-3	Tumor	C3N-01815
98817a33-a7e1-4292-9906-43c68fe93694	GBM	CPTAC-3	Tumor	C3L-03681
9932a387-f56e-40c8-9b49-2dabb8b2d83b	GBM	CPTAC-3	Tumor	C3N-03184
a0e4c6a1-c888-4b08-8a58-fe3be1d6ae56	GBM	CPTAC-3	Tumor	C3N-01856
a26f1b10-922f-4386-bfb2-5a050e4a513f__c7c01f70-d216-404a-b3b1-f5a7593a31d1	GBM	CPTAC-3	Tumor	C3L-01061
a9a7faeb-967c-4919-8188-5f55b883df47	GBM	CPTAC-3	Tumor	C3N-00662
b77cc044-fcc5-47e2-b0c8-148c161d0586	GBM	CPTAC-3	Tumor	C3L-01834
b8952cfa-68f7-42da-a6fb-aac4357e0813	GBM	CPTAC-3	Tumor	C3L-00677
bac9d8f5-fb8c-41e8-a000-a249c6bfb69c	GBM	CPTAC-3	Tumor	C3N-03186
be0ffcd2-e94d-440c-83b6-63a18b85d5e3	GBM	CPTAC-3	Tumor	C3L-03968
c11320ab-4222-4cda-926d-cf04c4d9226b	GBM	CPTAC-3	Tumor	C3L-04084
c29a9399-df2b-451d-a988-7f7cdc4ef2fd__f8fbd3fd-9493-48c1-84f0-09228b4079fe	GBM	CPTAC-3	Tumor	C3N-01798
c2d2959f-ee41-40f5-92f8-845ca44959a5	GBM	CPTAC-3	Tumor	C3L-02041
c592c1c2-b8c8-42b8-867e-79208cb14155__db794355-9d14-4917-ac65-fccf0951ef4b	GBM	CPTAC-3	Tumor	C3L-01040
c5c4e6ac-2064-4e56-9882-8d87368ac077	GBM	CPTAC-3	Tumor	C3N-01517
c613046a-5d1a-4e22-b27e-c5e06098e2e0	GBM	CPTAC-3	Tumor	C3L-03727
c6cb701b-98e7-479b-858d-48725a02f55c	GBM	CPTAC-3	Tumor	C3L-00365
c7641f5f-63de-4e12-8bd5-6cf17dd656ca	GBM	CPTAC-3	Tumor	C3N-02785
c80138f1-132b-472a-a97c-9913f0deee49	GBM	CPTAC-3	Tumor	C3N-00663
d9d67912-ec84-42ad-81a8-43f3296a8c73	GBM	CPTAC-3	Tumor	C3N-02786
dcab0130-fe37-4b2a-b280-fb1e38438687	GBM	CPTAC-3	Tumor	C3N-02256
ddea2e45-72c5-4ca8-a55a-d2877579f9ed	GBM	CPTAC-3	Tumor	C3N-01818
e2f7dd9c-a07b-4069-be57-ca3c6887fae8	GBM	CPTAC-3	Tumor	C3N-01334
e35f16ca-6e38-467a-9610-323b2e518f13	GBM	CPTAC-3	Tumor	C3L-01887
e4ecc162-058a-41e2-b20e-5cdebdcf17d4	GBM	CPTAC-3	Tumor	C3L-03266
e726b276-8aed-45f7-aec9-7b1d057c18b7	GBM	CPTAC-3	Normal	PT-NPJ7
f0c934a8-4c7f-4167-84f2-41966479d55f	GBM	CPTAC-3	Tumor	C3L-02642
f1a06fdd-8997-419f-9efe-a7e39e0deedb	GBM	CPTAC-3	Tumor	C3N-02783
f24bdea5-658f-4b4d-8b66-52b77b851290	GBM	CPTAC-3	Tumor	C3L-01327
f453fef1-0be0-412d-9777-81fcdae4d74a	GBM	CPTAC-3	Tumor	C3N-01364
f55d0d3a-4cde-42e0-bcd8-434d178584b9	GBM	CPTAC-3	Tumor	C3N-03188
f6b130cd-12bf-47fa-8e11-c46f58941e4d	GBM	CPTAC-3	Tumor	C3L-01149
f9f55b3e-27db-4c81-92d9-d441a7ee4683	GBM	CPTAC-3	Tumor	C3N-02782
fb1f2148-150b-4a52-91ae-1806b914b23a	GBM	CPTAC-3	Tumor	C3N-00661
fbf17268-6e0a-4730-9376-64ead45e0e2d	GBM	CPTAC-3	Tumor	C3N-02788
fca1d2ba-8fd5-4515-af0d-88294377e0c3	GBM	CPTAC-3	Normal	PT-WVLH
fd0dd323-4f94-4c5d-b0ec-b7d94facbc5d	GBM	CPTAC-3	Tumor	C3N-02788
ff431be2-733c-46e9-9195-7db7cfd50346	GBM	CPTAC-3	Tumor	C3N-01515
0084c260-eb38-473f-9da6-96b05321aad1	HNSCC	CPTAC-3	Tumor	C3N-01756
009d648f-e4c3-491b-b20b-18d587024d04	HNSCC	CPTAC-3	Normal	C3L-04791
053bfe2b-0f75-42ae-ab0d-6945040629c3	HNSCC	CPTAC-3	Normal	C3N-04277
07d3092f-24dc-40ab-964a-0fc9bceaa70a	HNSCC	CPTAC-3	Tumor	C3L-03378
08077901-dccd-4069-ad63-abc7966741b5	HNSCC	CPTAC-3	Tumor	C3N-01943
1202e730-18a9-408a-9e95-48a243ea2184__508b6bd3-282c-43a9-a30b-49475decddb9__ae6ff17f-9255-4de8-a81f-87711d11c873	HNSCC	CPTAC-3	Normal	C3L-04025
12ac2902-a47e-482c-a18e-944f4745c006	HNSCC	CPTAC-3	Tumor	C3N-01755
13559ccb-2de4-4df2-ba7e-0365f5f6366b	HNSCC	CPTAC-3	Tumor	C3N-04275
13ba0fe8-c698-47e4-bb58-4c1644778ef3__6c36d498-1809-4ff7-acfd-0aee214cbeb3	HNSCC	CPTAC-3	Tumor	C3N-00829
1421ff4a-1cfb-4c2c-b366-3589cb88e909__69f968e4-3972-4677-8e8b-9f204e767518	HNSCC	CPTAC-3	Tumor	C3N-01339
15365f46-3836-419f-84f8-87424a74f858	HNSCC	CPTAC-3	Normal	C3N-03045
17e97d9b-89d2-46d3-bea4-189ce3948681__1d0ed929-c938-47a2-9d51-124b9f0db9ae	HNSCC	CPTAC-3	Tumor	C3N-00825
19314f2d-41eb-4ece-bdd7-4743703f79bf	HNSCC	CPTAC-3	Tumor	C3N-01758
1a2d4b31-abb4-407e-9575-c486a49dd563	HNSCC	CPTAC-3	Tumor	C3N-01946
1a584fab-b0a8-4bc5-9548-ed2b6db4080b	HNSCC	CPTAC-3	Normal	C3N-03027
1a685087-56b0-43e4-bce0-dc9babce8749__b1dc3ab4-23a4-40a7-8f9d-756c0b02b49b	HNSCC	CPTAC-3	Tumor	C3N-01340
1a6aa0af-9dc8-4b24-803b-2ffc4db2cff3	HNSCC	CPTAC-3	Tumor	C3N-03781
1c286de0-44eb-4bbb-a4c2-152649cac2e5	HNSCC	CPTAC-3	Tumor	C3L-04791
1c40b01e-a75a-404a-ae7e-38900433ddf9	HNSCC	CPTAC-3	Normal	C3N-01947
1e09f2b4-c9b6-4dd1-a7f3-b7dfcb96a597	HNSCC	CPTAC-3	Normal	C3N-04278
1e39ac95-50d2-4d67-953e-049d43dc9bee	HNSCC	CPTAC-3	Normal	C3N-03889
1fcc92a0-f728-41a6-88e4-9327e4232e71	HNSCC	CPTAC-3	Normal	C3L-00999
200f3b17-91c7-4aba-ab63-4302809534ff__be860ec2-e59e-4f4f-a1d5-409383eae046	HNSCC	CPTAC-3	Tumor	C3N-03878
20e9a2f3-837e-46f5-8fab-c25e66d9690b	HNSCC	CPTAC-3	Normal	C3N-02713
26b35fe4-3cd9-4272-9813-3bd9bc205be8	HNSCC	CPTAC-3	Tumor	C3N-03013
27e50bdb-21b8-45e8-8f0a-7c7e9a2e943b__b04899cd-4c40-4de9-972d-4f0cf1eb967c__e81d95a4-247b-4993-bacc-d00061420963	HNSCC	CPTAC-3	Tumor	C3L-02621
2802a38f-01ec-4217-8322-51445921fcdd__48cd230f-7083-43f7-899e-c7ac245bc1af__6df06a97-ee38-4720-9237-5f26bce194c1	HNSCC	CPTAC-3	Tumor	C3N-03011
2896546f-4b79-4bfb-bad0-7e8227874610	HNSCC	CPTAC-3	Normal	C3L-02617
2943f889-5d75-4e3f-911b-4336b3b870d0__85d23817-c1c4-46d6-82ae-b41b92005fe4	HNSCC	CPTAC-3	Tumor	C3N-02730
2a06f398-0708-46ae-bcba-57f1429ec773__f6c8f6b3-ae65-4144-8d93-2b27552cecd6	HNSCC	CPTAC-3	Tumor	C3N-00871
2a554e51-f576-4d54-92e1-e1843d1f551b__a947a63e-3de6-43ed-aa44-cbf099eb4958	HNSCC	CPTAC-3	Tumor	C3N-00857
2bc499f9-fc93-4540-a2da-cbce197e7c64__a73b412f-4b22-49e5-b43a-4b3b057418af__fb0b1e0f-1bf3-450a-aea5-a9d4a3742d32	HNSCC	CPTAC-3	Tumor	C3N-00204
2dbd35c2-f8c2-4cf5-838c-f41dde670774__93d74bc1-9e24-49f4-b645-a2a10986dcd7__a140dc83-9255-4923-b544-8980a3773ead__dc596e2d-da04-460c-836b-2db920328e8a	HNSCC	CPTAC-3	Tumor	C3N-00295
2f2b9f7a-6491-4bd3-b678-361b92b59714__48736183-d8b5-4912-a0cd-6911a8b2ce90	HNSCC	CPTAC-3	Tumor	C3N-04273
2f5b4219-a74a-4867-b77b-df2cc8b1adb2	HNSCC	CPTAC-3	Tumor	C3N-01643
2fcc6443-3529-41a4-a2f0-ffafa5898ab2__c2fcec06-bea8-4622-83e2-14631f5540ae	HNSCC	CPTAC-3	Tumor	C3N-03876
31f33d17-a4a9-4cf4-97b8-d7edb363fc2c	HNSCC	CPTAC-3	Tumor	C3N-02279
35281a56-493e-4350-b3cb-80cd32133224	HNSCC	CPTAC-3	Tumor	C3L-00977
367ee6bb-9eea-4a57-b9f4-5b849e89e0bb	HNSCC	CPTAC-3	Tumor	C3N-04611
373f9d3a-0087-4608-8249-e87c2fbc06f3	HNSCC	CPTAC-3	Tumor	C3N-02700
374c5c41-2045-4cf3-a5be-d99904d69019	HNSCC	CPTAC-3	Tumor	C3L-01138
37734c6e-9bd2-46fd-a938-f98126a45122	HNSCC	CPTAC-3	Tumor	C3N-03045
37934dcc-e2cc-4926-a92e-dc0485d4b746	HNSCC	CPTAC-3	Tumor	C3N-03488
38fe5813-7993-4f8b-b38d-7799b5ef9fa2__39742a8f-da7f-4390-aaaf-07b3fc1a69d3__e8ff1296-5847-4e13-8a43-dbc959038baa	HNSCC	CPTAC-3	Tumor	C3N-01754
398f26de-2926-4d53-894f-a92d085d5662__671454e6-3336-476f-8175-3f3778a988d6__878abaf5-ea7d-49d6-b9af-9e8f43fd3146	HNSCC	CPTAC-3	Tumor	C3N-00297
3a668839-89f3-4296-b255-b326d2652ac8	HNSCC	CPTAC-3	Normal	C3L-00995
3b15a7f7-e5a3-4f2c-8f7b-11594caa2484	HNSCC	CPTAC-3	Normal	C3N-01948
3b720b8f-280f-4c16-8fb8-f7df4d2ee647	HNSCC	CPTAC-3	Normal	C3N-03888
3c67c8e9-e83d-4ad5-9776-085994c6376c__e3d57c66-ff02-4f9a-9627-69535be39a8c	HNSCC	CPTAC-3	Tumor	C3N-00498
3cc6928b-53f6-46d3-849c-71b6174049f9__486da704-156e-4f54-8059-7dd9176b0e9c	HNSCC	CPTAC-3	Tumor	C3N-03849
3d234280-3353-4bb6-9b58-8638c23a418d	HNSCC	CPTAC-3	Normal	C3N-01645
3df3d6c9-df3e-404f-a2fd-15020db0d06d	HNSCC	CPTAC-3	Tumor	C3N-01858
3ee8e89a-f49d-4b03-b246-5d1b9cb82da3	HNSCC	CPTAC-3	Tumor	C3L-04849
3f12e4d0-502e-497f-a162-9cdae148e017	HNSCC	CPTAC-3	Tumor	C3N-03783
3f368264-80c0-4745-9e1c-6aa176d3b326	HNSCC	CPTAC-3	Tumor	C3N-04277
40f58bf3-58bc-4b65-a88e-821ee9d24b9f	HNSCC	CPTAC-3	Tumor	C3N-04279
42ba7db9-b6ee-4ae9-bdc9-59745b760195	HNSCC	CPTAC-3	Tumor	C3L-00999
450bf8b2-9d48-4cd6-9443-b7dd77d783a8	HNSCC	CPTAC-3	Normal	C3N-01946
489e08c5-0b3c-4d07-a88d-d2d0100a5f09	HNSCC	CPTAC-3	Tumor	C3N-00822
49f98bf8-5105-4cce-84e8-f6933411955d	HNSCC	CPTAC-3	Tumor	C3N-00519
4b114d44-ce79-4fba-9d32-733f63f2b78d	HNSCC	CPTAC-3	Tumor	C3N-03928
4c059ae2-e467-487f-b339-7f13b1539d92	HNSCC	CPTAC-3	Tumor	C3L-04354
4c0b1484-be45-4a9e-91a3-3798b97c7944__67ef0161-cff0-4c91-93a1-4ded88032d4e	HNSCC	CPTAC-3	Tumor	C3N-02275
4d58816b-abfa-41fa-802f-3dd178599739__b8b863f8-3c64-4f74-bf59-0f50c4d7dd75	HNSCC	CPTAC-3	Tumor	C3L-02651
51892c12-7aec-4463-bc2d-85f354805d76__d87be8aa-fc6b-42a2-b7be-b60ed80ed461	HNSCC	CPTAC-3	Tumor	C3N-03841
53db9ab4-36a7-4405-8871-e580002b0a15	HNSCC	CPTAC-3	Tumor	C3N-04152
5493333c-788f-49ea-a15e-5df27cc32950	HNSCC	CPTAC-3	Tumor	C3N-03889
54b97818-5e37-4b22-913b-5dd52de3281a	HNSCC	CPTAC-3	Tumor	C3L-00995
559b0f7d-c5db-42ac-8001-453d9a738d67	HNSCC	CPTAC-3	Normal	C3N-00307
57affaa8-0e8c-4167-8870-8ff0d8d2bcfc	HNSCC	CPTAC-3	Tumor	C3N-01948
586ffb6e-55d0-494a-92de-d1c9a068b63d	HNSCC	CPTAC-3	Normal	C3L-01237
58cf6cd1-7341-4a18-85f9-78678dff5f74__9f36b5e1-f4bd-4ce8-8518-c9ff98cf093d	HNSCC	CPTAC-3	Normal	C3L-02621
5adb8264-e992-4064-b647-7072f7a1f67a	HNSCC	CPTAC-3	Normal	C3N-02714
5cba8a9a-e76b-4b24-b686-edb0ec3d2ec2	HNSCC	CPTAC-3	Tumor	C3N-02925
5d53f977-dcf4-41ab-a04c-1f76e4061ddd	HNSCC	CPTAC-3	Tumor	C3N-03490
5dc751bc-3c89-43cc-92f6-d2c4d40fb4c7	HNSCC	CPTAC-3	Tumor	C3N-01337
5e987d0c-8707-49db-bac2-8c457be2ef6c	HNSCC	CPTAC-3	Tumor	C3N-01945
5fe144bb-5d61-4e7d-8e25-7652a72eee3f	HNSCC	CPTAC-3	Normal	C3L-00977
6076950a-8de5-45cc-91c2-cb3cbe7c03c8	HNSCC	CPTAC-3	Tumor	C3L-04025
642f2d54-33c1-440b-bcea-052b88a30c09__84e60953-f3f2-4a93-a61c-98dd7d2ec9eb	HNSCC	CPTAC-3	Tumor	C3N-01338
67353da9-f782-4d16-b99e-d2c653f13a3c	HNSCC	CPTAC-3	Tumor	C3N-02716
6a6b1ef1-76e6-4305-a675-6567559dd096	HNSCC	CPTAC-3	Normal	C3N-01338
6c679cde-8f73-463c-9b68-0c3d2ed6a583	HNSCC	CPTAC-3	Tumor	C3N-03015
6e85a3fa-d088-491b-ae4e-2a779c6672fb	HNSCC	CPTAC-3	Tumor	C3L-00997
709cbbdf-7e06-4b60-8ba3-a8723ed348f0	HNSCC	CPTAC-3	Tumor	C3N-02714
7109bd3e-f8d9-42f1-88c6-5656180979c9	HNSCC	CPTAC-3	Normal	C3N-01943
75a67d6d-430d-45f7-8956-6a4662d84054	HNSCC	CPTAC-3	Tumor	C3N-03619
7621d9f9-636e-42e9-b483-f7b6ec3d5dfb	HNSCC	CPTAC-3	Normal	C3N-03620
766ffb16-86c2-4534-b67d-bb8a825b2c9d	HNSCC	CPTAC-3	Normal	C3N-03933
79b55b42-0863-4c3f-b0a6-8db4fdda32ad	HNSCC	CPTAC-3	Normal	C3N-02275
7a1e0cb8-9d41-4c78-9a0b-9e4d21925ec2	HNSCC	CPTAC-3	Tumor	C3N-01757
7c75998d-79b9-4479-8239-576b32adca4b	HNSCC	CPTAC-3	Normal	C3N-03619
822979b4-f4b9-4ca2-85e8-029feb9e7500	HNSCC	CPTAC-3	Tumor	C3N-04280
826f77e2-a78f-4e90-89af-e8197a0acdda	HNSCC	CPTAC-3	Normal	C3L-03378
82d4f5c7-c726-4bdb-91c5-d6a08975e13a	HNSCC	CPTAC-3	Normal	C3N-01756
834eeaeb-e064-43e9-9f51-da6a6d7ce066	HNSCC	CPTAC-3	Tumor	C3N-01620
887d794e-d509-4ebe-a270-f0fd1d5e09e8	HNSCC	CPTAC-3	Tumor	C3N-01859
88ebe93a-5d23-43d1-be7b-63e7d77415ff	HNSCC	CPTAC-3	Tumor	C3N-03888
8a56f082-cc9e-41a2-8a3c-3b8fdf1684d8	HNSCC	CPTAC-3	Tumor	C3L-01237
8c7afd56-7df2-4c77-9c5d-f9a00cc77fc0	HNSCC	CPTAC-3	Tumor	C3N-03782
8d7192e5-7ae2-4d2d-8196-31892dca88d0	HNSCC	CPTAC-3	Tumor	C3N-03664
8ec30cc1-0e29-49de-81ba-f308c1cbc553	HNSCC	CPTAC-3	Normal	C3N-03849
936ee345-c9b9-4dd4-8b4f-5bd40e55065c	HNSCC	CPTAC-3	Normal	C3N-03928
946a572e-fc1d-48cb-b0ce-39730137a917__db68fc19-fa4b-4619-9ea5-7f40c5f76050	HNSCC	CPTAC-3	Tumor	C3N-02694
95279fec-48c6-4202-9f7a-007834eb635d	HNSCC	CPTAC-3	Normal	C3N-03878
9959852d-2fa6-4ad8-9b8a-a4d0d0f8a032__a0b0d879-8e17-4618-a334-769c3528bf99__c6ec5116-6aef-43b3-ae74-88126d93492b	HNSCC	CPTAC-3	Normal	C3L-02651
9a2bfe74-2945-4c14-b16f-5e68177bb35a	HNSCC	CPTAC-3	Normal	C3N-03876
9bd8403e-f194-4210-a4e1-e3b4bf85b101__f7026321-a9e4-4dc8-bf86-dd2ba8a74d17	HNSCC	CPTAC-3	Normal	C3L-04354
9d1541a0-8d5e-4a6a-8df1-acaae427712e__c07d5abd-3286-43ed-ab71-06deaaeb1e9c	HNSCC	CPTAC-3	Normal	C3N-00204
9fd2ea57-3af6-4de4-b254-bddab901452d	HNSCC	CPTAC-3	Tumor	C3N-03028
a1b470d7-cce1-4f6a-b0f2-7c6b99692b37	HNSCC	CPTAC-3	Tumor	C3N-03620
a2c3415a-9daf-4158-a28e-7e9aeef4cc71	HNSCC	CPTAC-3	Tumor	C3N-00306
a39099ff-a902-4e72-aa33-3e75822b9b3d	HNSCC	CPTAC-3	Tumor	C3N-03433
a4bc0ee4-afc0-4be7-ae3e-895c3c6d7a1e__b56317d0-f6a8-43b4-b50e-c995eec6e772	HNSCC	CPTAC-3	Tumor	C3N-02695
a591e530-d9c1-46fe-8060-3eb1e392cbcc	HNSCC	CPTAC-3	Tumor	C3N-00307
a84b6953-4c79-4732-8f3d-df9bbbb52a77	HNSCC	CPTAC-3	Normal	C3N-03488
a97759c2-180e-403b-abd3-e8d5f84d725f	HNSCC	CPTAC-3	Tumor	C3N-03458
a9ab3b96-9285-4253-b646-3e81509a3623	HNSCC	CPTAC-3	Tumor	C3L-00987
ab2fe7af-7f25-4ef7-a75f-3ac499502d0d	HNSCC	CPTAC-3	Tumor	C3N-00846
ab49a581-94df-453b-9ca0-c4cf7c8813a2	HNSCC	CPTAC-3	Normal	C3N-03490
ac7a922d-bbe7-4d16-bead-68e37f711e3c	HNSCC	CPTAC-3	Normal	C3N-01340
acdd6d30-9020-40e7-97f5-97a9dce437a4	HNSCC	CPTAC-3	Normal	C3N-04611
ad855439-15f1-4e78-9d7d-9eefb5a9e0ef	HNSCC	CPTAC-3	Tumor	C3N-03612
af50d871-8b03-4c46-b8ec-1b9a89a329f5	HNSCC	CPTAC-3	Tumor	C3N-04276
b09a93fd-ac3b-431a-a5de-4f860429ee57	HNSCC	CPTAC-3	Tumor	C3L-02617
b119ca57-d85a-46ca-bd8b-1451e1703d89	HNSCC	CPTAC-3	Tumor	C3N-02333
b258f512-8bca-46f9-8bc1-3474288806e5	HNSCC	CPTAC-3	Normal	C3N-03612
b4c5c084-1b4b-46d7-bf47-ad83813a1631	HNSCC	CPTAC-3	Normal	C3N-01754
b620794a-4693-40b6-bec9-4312001f9d11	HNSCC	CPTAC-3	Tumor	C3N-00299
b680974d-a4ec-4507-bb28-1fef100e39fe	HNSCC	CPTAC-3	Normal	C3N-03487
b6b9383f-eccf-48fe-9023-491f6f6bb3be	HNSCC	CPTAC-3	Normal	C3N-00306
bddf44be-8aed-43de-a6d6-93ba2d933e32	HNSCC	CPTAC-3	Normal	C3N-02279
bde4001a-0f7c-41e6-8a0d-746a684117c0	HNSCC	CPTAC-3	Normal	C3N-02727
c11dea96-6d94-4659-af5f-b0b7976eda74__f748d5c0-30cc-4f4f-ac56-cec93a75db5b	HNSCC	CPTAC-3	Tumor	C3N-03009
c42e6ffc-3bf6-482c-bb82-7f65151509bc	HNSCC	CPTAC-3	Normal	C3N-03837
c454bbea-a9e1-42d3-a56f-e146e6aa809e	HNSCC	CPTAC-3	Normal	C3N-00519
c5396292-8d85-4964-bda6-4c6d76abe6e9	HNSCC	CPTAC-3	Tumor	C3N-01947
c53e3fcc-4c43-4ba8-a40e-1ceef0fbcf51	HNSCC	CPTAC-3	Normal	C3N-02925
c8c6c396-6dec-4fbe-a0fe-940867afb414	HNSCC	CPTAC-3	Normal	C3N-00498
c9ca18fc-17a5-400c-994b-1e8e56a6c6e6	HNSCC	CPTAC-3	Tumor	C3N-03933
cbe0a537-076f-4dfd-af7d-96ca20848dc7	HNSCC	CPTAC-3	Tumor	C3N-02693
cce8f445-8bcd-4832-91c6-be4bb7b57501	HNSCC	CPTAC-3	Tumor	C3N-03457
cd73583e-3622-4ee1-9e57-6f6a708a3520	HNSCC	CPTAC-3	Tumor	C3N-02727
cd9498e0-51f6-4f70-838e-588501dd6b88	HNSCC	CPTAC-3	Tumor	C3N-03456
d19689e2-1b16-43bc-a133-83208877fa4e	HNSCC	CPTAC-3	Tumor	C3N-00828
d1bffb2b-ae09-463b-8893-5ceb2f85c6fc	HNSCC	CPTAC-3	Tumor	C3N-03837
d2727697-2413-4102-8c96-367f862cf1a4	HNSCC	CPTAC-3	Normal	C3N-01337
d4a4c09e-5294-4979-ac8c-acdff883835e	HNSCC	CPTAC-3	Tumor	C3N-04278
d5857a73-bd50-4404-baea-70788ba3417a	HNSCC	CPTAC-3	Normal	C3N-01944
d6df09b5-7b6c-4697-89f9-6f72072d81eb	HNSCC	CPTAC-3	Tumor	C3L-00994
dad37a12-aeb5-4be4-8908-33f5456a9c84	HNSCC	CPTAC-3	Tumor	C3N-03012
dd3272de-d4f5-4ff4-bbda-30d47103684a	HNSCC	CPTAC-3	Tumor	C3N-03785
dd343138-9979-4195-b511-ae913bfcb131	HNSCC	CPTAC-3	Tumor	C3N-01645
dd3c759c-45a1-4737-bd4a-8280db9283e8	HNSCC	CPTAC-3	Tumor	C3N-01752
dd66070f-4d72-4fc0-a6b9-775d696b41e0	HNSCC	CPTAC-3	Normal	C3L-00997
de3436d8-8799-406d-85fc-d5440df00f7f	HNSCC	CPTAC-3	Tumor	C3L-04844
df5a1bbd-ebc1-4280-8115-1bc2ebe5fe5c	HNSCC	CPTAC-3	Tumor	C3N-03027
e2280ed1-9d54-4dcd-ac89-49e317ca6cf2	HNSCC	CPTAC-3	Normal	C3N-03226
e22aa770-5846-4936-8569-7cbe14caf5f4	HNSCC	CPTAC-3	Normal	C3N-04152
e497c851-36d4-4176-8df0-07d7936e5947	HNSCC	CPTAC-3	Tumor	C3N-03487
eefa3a1d-e084-4b9b-9d14-f169fe2aa583	HNSCC	CPTAC-3	Tumor	C3N-01944
f313a8e8-6539-4448-8ebf-a38f35638899	HNSCC	CPTAC-3	Tumor	C3N-03226
f3146a02-8bcf-4517-b66e-17c71f8ea869	HNSCC	CPTAC-3	Tumor	C3N-03042
f53a319a-f2a1-4ed0-9ba7-b08cc30c51fe	HNSCC	CPTAC-3	Tumor	C3N-02713
f6129190-8849-4f1a-bfcb-81f6c03fc952	HNSCC	CPTAC-3	Normal	C3L-00994
f8a6d8e0-6cff-4d7e-8949-00becb0b5c1d	HNSCC	CPTAC-3	Normal	C3N-02333
f9dde02f-46f5-499a-be2a-b6cd9e673b59	HNSCC	CPTAC-3	Normal	C3N-03028
fa377ef6-87b6-4d4a-ad85-60b8b187ed62	HNSCC	CPTAC-3	Normal	C3N-03015
faf7e3dc-dcfe-44cd-8f78-bb43db0cebcd	HNSCC	CPTAC-3	Normal	C3L-01138
fe2a0738-b2af-49c5-b82e-886ffee5f43b	HNSCC	CPTAC-3	Normal	C3N-03841
ffab5eb4-6466-4722-ab69-298bb3262429	HNSCC	CPTAC-3	Tumor	C3N-03008
CPT0001020164	LSCC	CPTAC-3	Tumor	C3L-00081
CPT0001030009	LSCC	CPTAC-3	Normal	C3L-00081
CPT0007740006	LSCC	CPTAC-3	Tumor	C3L-00904
CPT0007760009	LSCC	CPTAC-3	Normal	C3L-00904
CPT0008330009	LSCC	CPTAC-3	Tumor	C3N-00309
CPT0010050009	LSCC	CPTAC-3	Tumor	C3L-00415
CPT0010060009	LSCC	CPTAC-3	Normal	C3L-00415
CPT0023470008	LSCC	CPTAC-3	Tumor	C3L-00568
CPT0023500009	LSCC	CPTAC-3	Normal	C3L-00568
CPT0024970006	LSCC	CPTAC-3	Tumor	C3N-00839
CPT0063430006	LSCC	CPTAC-3	Tumor	C3L-00923
CPT0063440009	LSCC	CPTAC-3	Normal	C3L-00923
CPT0063480006	LSCC	CPTAC-3	Tumor	C3L-00927
CPT0063500009	LSCC	CPTAC-3	Normal	C3L-00927
CPT0064040009	LSCC	CPTAC-3	Tumor	C3L-00603
CPT0064050008	LSCC	CPTAC-3	Normal	C3L-00603
CPT0068280009	LSCC	CPTAC-3	Tumor	C3N-00555
CPT0068320006	LSCC	CPTAC-3	Normal	C3N-00555
CPT0069890009	LSCC	CPTAC-3	Tumor	C3N-01017
CPT0069900006	LSCC	CPTAC-3	Normal	C3N-01017
CPT0079050006	LSCC	CPTAC-3	Tumor	C3N-01194
CPT0079060006	LSCC	CPTAC-3	Normal	C3N-01194
CPT0079100006	LSCC	CPTAC-3	Tumor	C3N-00497
CPT0079110006	LSCC	CPTAC-3	Normal	C3N-00497
CPT0082970007	LSCC	CPTAC-3	Tumor	C3L-00503
CPT0083010007	LSCC	CPTAC-3	Normal	C3L-00503
CPT0083980009	LSCC	CPTAC-3	Tumor	C3N-01025
CPT0083990009	LSCC	CPTAC-3	Normal	C3N-01025
CPT0086260006	LSCC	CPTAC-3	Tumor	C3L-01606
CPT0086270009	LSCC	CPTAC-3	Normal	C3L-01606
CPT0087190006	LSCC	CPTAC-3	Tumor	C3L-01285
CPT0087210009	LSCC	CPTAC-3	Normal	C3L-01285
CPT0089880006	LSCC	CPTAC-3	Tumor	C3N-00247
CPT0090440006	LSCC	CPTAC-3	Tumor	C3N-00211
CPT0091050006	LSCC	CPTAC-3	Tumor	C3N-01028
CPT0091090009	LSCC	CPTAC-3	Normal	C3N-01028
CPT0091610006	LSCC	CPTAC-3	Tumor	C3L-01663
CPT0091620009	LSCC	CPTAC-3	Normal	C3L-01663
CPT0091820006	LSCC	CPTAC-3	Tumor	C3L-01838
CPT0098770013	LSCC	CPTAC-3	Tumor	C3N-01846
CPT0098800006	LSCC	CPTAC-3	Normal	C3N-01846
CPT0101130006	LSCC	CPTAC-3	Tumor	C3L-00965
CPT0102790006	LSCC	CPTAC-3	Tumor	C3L-00993
CPT0102840009	LSCC	CPTAC-3	Normal	C3L-00993
CPT0104360006	LSCC	CPTAC-3	Tumor	C3L-01884
CPT0104380009	LSCC	CPTAC-3	Normal	C3L-01884
CPT0104930006	LSCC	CPTAC-3	Tumor	C3N-01018
CPT0104950006	LSCC	CPTAC-3	Normal	C3N-01018
CPT0105420006	LSCC	CPTAC-3	Tumor	C3N-01411
CPT0105430009	LSCC	CPTAC-3	Normal	C3N-01411
CPT0108560006	LSCC	CPTAC-3	Tumor	C3L-01455
CPT0108600009	LSCC	CPTAC-3	Normal	C3L-01455
CPT0111000007	LSCC	CPTAC-3	Normal	C3N-00221
CPT0111150007	LSCC	CPTAC-3	Tumor	C3N-00221
CPT0112540006	LSCC	CPTAC-3	Tumor	C3L-02349
CPT0112550009	LSCC	CPTAC-3	Normal	C3L-02349
CPT0112580009	LSCC	CPTAC-3	Tumor	C3L-02552
CPT0112600009	LSCC	CPTAC-3	Normal	C3L-02552
CPT0112650006	LSCC	CPTAC-3	Tumor	C3L-02546
CPT0112660009	LSCC	CPTAC-3	Normal	C3L-02546
CPT0112720009	LSCC	CPTAC-3	Tumor	C3L-02358
CPT0112730009	LSCC	CPTAC-3	Normal	C3L-02358
CPT0115830006	LSCC	CPTAC-3	Tumor	C3N-02434
CPT0115860009	LSCC	CPTAC-3	Normal	C3N-02434
CPT0117720006	LSCC	CPTAC-3	Tumor	C3N-01020
CPT0117770009	LSCC	CPTAC-3	Normal	C3N-01020
CPT0123350006	LSCC	CPTAC-3	Tumor	C3L-01000
CPT0123370009	LSCC	CPTAC-3	Normal	C3L-01000
CPT0126390009	LSCC	CPTAC-3	Tumor	C3N-01892
CPT0126400009	LSCC	CPTAC-3	Normal	C3N-01892
CPT0126450009	LSCC	CPTAC-3	Tumor	C3N-01893
CPT0126470009	LSCC	CPTAC-3	Normal	C3N-01893
CPT0126530009	LSCC	CPTAC-3	Tumor	C3N-02283
CPT0126670009	LSCC	CPTAC-3	Tumor	C3N-02284
CPT0126740009	LSCC	CPTAC-3	Tumor	C3N-02285
CPT0126760009	LSCC	CPTAC-3	Normal	C3N-02285
CPT0126810009	LSCC	CPTAC-3	Tumor	C3N-02300
CPT0126830006	LSCC	CPTAC-3	Normal	C3N-02300
CPT0128890009	LSCC	CPTAC-3	Tumor	C3N-02252
CPT0128900009	LSCC	CPTAC-3	Normal	C3N-02252
CPT0130030006	LSCC	CPTAC-3	Tumor	C3L-02130
CPT0130070009	LSCC	CPTAC-3	Normal	C3L-02130
CPT0130270006	LSCC	CPTAC-3	Tumor	C3L-02127
CPT0130310009	LSCC	CPTAC-3	Normal	C3L-02127
CPT0130410006	LSCC	CPTAC-3	Tumor	C3L-00445
CPT0130440010	LSCC	CPTAC-3	Normal	C3L-00445
CPT0136640013	LSCC	CPTAC-3	Tumor	C3N-02339
CPT0136660009	LSCC	CPTAC-3	Normal	C3N-02339
CPT0146380007	LSCC	CPTAC-3	Tumor	C3N-02374
CPT0146400009	LSCC	CPTAC-3	Normal	C3N-02374
CPT0146480007	LSCC	CPTAC-3	Tumor	C3N-02375
CPT0146500009	LSCC	CPTAC-3	Normal	C3N-02375
CPT0147180007	LSCC	CPTAC-3	Tumor	C3N-02426
CPT0147200006	LSCC	CPTAC-3	Normal	C3N-02426
CPT0147680007	LSCC	CPTAC-3	Tumor	C3N-02575
CPT0147700009	LSCC	CPTAC-3	Normal	C3N-02575
CPT0175120013	LSCC	CPTAC-3	Tumor	C3L-02163
CPT0175160009	LSCC	CPTAC-3	Normal	C3L-02163
CPT0175260013	LSCC	CPTAC-3	Tumor	C3L-02164
CPT0175270009	LSCC	CPTAC-3	Normal	C3L-02164
CPT0175390009	LSCC	CPTAC-3	Tumor	C3L-02168
CPT0175410009	LSCC	CPTAC-3	Normal	C3L-02168
CPT0175560009	LSCC	CPTAC-3	Tumor	C3L-02170
CPT0183250010	LSCC	CPTAC-3	Tumor	C3N-02425
CPT0183270009	LSCC	CPTAC-3	Normal	C3N-02425
CPT0186130009	LSCC	CPTAC-3	Tumor	C3N-02288
CPT0186140006	LSCC	CPTAC-3	Normal	C3N-02288
CPT0186180009	LSCC	CPTAC-3	Tumor	C3N-02289
CPT0186210006	LSCC	CPTAC-3	Normal	C3N-02289
CPT0187370009	LSCC	CPTAC-3	Tumor	C3N-02675
CPT0187380006	LSCC	CPTAC-3	Normal	C3N-02675
CPT0190550009	LSCC	CPTAC-3	Tumor	C3L-03678
CPT0191710009	LSCC	CPTAC-3	Tumor	C3L-02625
CPT0191750006	LSCC	CPTAC-3	Normal	C3L-02625
CPT0191860009	LSCC	CPTAC-3	Tumor	C3L-02619
CPT0191930006	LSCC	CPTAC-3	Normal	C3L-02619
CPT0192540010	LSCC	CPTAC-3	Tumor	C3L-02665
CPT0192590007	LSCC	CPTAC-3	Normal	C3L-02665
CPT0195510006	LSCC	CPTAC-3	Tumor	C3N-03486
CPT0195520006	LSCC	CPTAC-3	Normal	C3N-03486
CPT0196810006	LSCC	CPTAC-3	Tumor	C3L-02968
CPT0196820006	LSCC	CPTAC-3	Normal	C3L-02968
CPT0197090006	LSCC	CPTAC-3	Tumor	C3L-02963
CPT0197100006	LSCC	CPTAC-3	Normal	C3L-02963
CPT0197150006	LSCC	CPTAC-3	Tumor	C3L-02951
CPT0197170006	LSCC	CPTAC-3	Normal	C3L-02951
CPT0197210009	LSCC	CPTAC-3	Tumor	C3L-02964
CPT0197380006	LSCC	CPTAC-3	Normal	C3L-02964
CPT0197480009	LSCC	CPTAC-3	Tumor	C3N-03092
CPT0197520009	LSCC	CPTAC-3	Normal	C3N-03092
CPT0197740009	LSCC	CPTAC-3	Tumor	C3N-03093
CPT0197860009	LSCC	CPTAC-3	Normal	C3N-03093
CPT0202020014	LSCC	CPTAC-3	Tumor	C3L-02627
CPT0202040009	LSCC	CPTAC-3	Normal	C3L-02627
CPT0202170009	LSCC	CPTAC-3	Tumor	C3L-02629
CPT0202220010	LSCC	CPTAC-3	Normal	C3L-02629
CPT0202350010	LSCC	CPTAC-3	Tumor	C3L-02669
CPT0202400010	LSCC	CPTAC-3	Normal	C3L-02669
CPT0202530010	LSCC	CPTAC-3	Tumor	C3L-02646
CPT0202720009	LSCC	CPTAC-3	Tumor	C3L-02660
CPT0202740009	LSCC	CPTAC-3	Normal	C3L-02660
CPT0204600007	LSCC	CPTAC-3	Tumor	C3L-02648
CPT0204660009	LSCC	CPTAC-3	Normal	C3L-02648
CPT0204800009	LSCC	CPTAC-3	Tumor	C3L-02649
CPT0204820009	LSCC	CPTAC-3	Normal	C3L-02649
CPT0204990009	LSCC	CPTAC-3	Tumor	C3L-02650
CPT0205000009	LSCC	CPTAC-3	Normal	C3L-02650
CPT0207210009	LSCC	CPTAC-3	Tumor	C3L-03965
CPT0207250006	LSCC	CPTAC-3	Normal	C3L-03965
CPT0208770009	LSCC	CPTAC-3	Tumor	C3N-03051
CPT0208780009	LSCC	CPTAC-3	Normal	C3N-03051
CPT0209020010	LSCC	CPTAC-3	Tumor	C3N-03072
CPT0209490009	LSCC	CPTAC-3	Tumor	C3N-03204
CPT0209510009	LSCC	CPTAC-3	Normal	C3N-03204
CPT0217420009	LSCC	CPTAC-3	Tumor	C3L-02969
CPT0217490009	LSCC	CPTAC-3	Normal	C3L-02969
CPT0218280009	LSCC	CPTAC-3	Tumor	C3L-02891
CPT0218310009	LSCC	CPTAC-3	Normal	C3L-02891
CPT0219360009	LSCC	CPTAC-3	Tumor	C3N-03662
CPT0221200009	LSCC	CPTAC-3	Tumor	C3L-04071
CPT0221220009	LSCC	CPTAC-3	Normal	C3L-04071
CPT0221650009	LSCC	CPTAC-3	Tumor	C3N-03886
CPT0222730009	LSCC	CPTAC-3	Tumor	C3N-04162
CPT0222740006	LSCC	CPTAC-3	Normal	C3N-04162
CPT0223790009	LSCC	CPTAC-3	Tumor	C3N-04155
CPT0225380009	LSCC	CPTAC-3	Tumor	C3L-03272
CPT0225470009	LSCC	CPTAC-3	Normal	C3L-03272
CPT0227020009	LSCC	CPTAC-3	Tumor	C3L-02624
CPT0227070009	LSCC	CPTAC-3	Normal	C3L-02624
CPT0227400009	LSCC	CPTAC-3	Tumor	C3L-03963
CPT0227420009	LSCC	CPTAC-3	Normal	C3L-03963
CPT0232640009	LSCC	CPTAC-3	Tumor	C3L-03961
CPT0232670009	LSCC	CPTAC-3	Tumor	C3L-03961
CPT0232690009	LSCC	CPTAC-3	Normal	C3L-03961
CPT0233120013	LSCC	CPTAC-3	Tumor	C3L-03962
CPT0233160009	LSCC	CPTAC-3	Normal	C3L-03962
CPT0233320009	LSCC	CPTAC-3	Tumor	C3L-04013
CPT0233330009	LSCC	CPTAC-3	Normal	C3L-04013
CPT0233600009	LSCC	CPTAC-3	Tumor	C3L-04014
CPT0233640009	LSCC	CPTAC-3	Normal	C3L-04014
CPT0234560009	LSCC	CPTAC-3	Tumor	C3L-04391
CPT0234580009	LSCC	CPTAC-3	Normal	C3L-04391
CPT0234790009	LSCC	CPTAC-3	Tumor	C3N-02494
CPT0234820006	LSCC	CPTAC-3	Normal	C3N-02494
CPT0234930010	LSCC	CPTAC-3	Tumor	C3N-02523
CPT0234950007	LSCC	CPTAC-3	Normal	C3N-02523
CPT0236420009	LSCC	CPTAC-3	Tumor	C3N-03076
CPT0236430006	LSCC	CPTAC-3	Normal	C3N-03076
CPT0237060010	LSCC	CPTAC-3	Tumor	C3N-03848
CPT0237080006	LSCC	CPTAC-3	Normal	C3N-03848
CPT0237200010	LSCC	CPTAC-3	Tumor	C3N-03851
CPT0237210006	LSCC	CPTAC-3	Normal	C3N-03851
CPT0237410010	LSCC	CPTAC-3	Tumor	C3N-03875
CPT0237430006	LSCC	CPTAC-3	Normal	C3N-03875
CPT0237550007	LSCC	CPTAC-3	Tumor	C3N-03877
CPT0237570009	LSCC	CPTAC-3	Normal	C3N-03877
CPT0237690010	LSCC	CPTAC-3	Tumor	C3N-03880
CPT0237710009	LSCC	CPTAC-3	Normal	C3N-03880
CPT0237760009	LSCC	CPTAC-3	Tumor	C3N-03882
CPT0237780009	LSCC	CPTAC-3	Normal	C3N-03882
CPT0237970007	LSCC	CPTAC-3	Tumor	C3N-04124
CPT0237990009	LSCC	CPTAC-3	Normal	C3N-04124
CPT0238110007	LSCC	CPTAC-3	Tumor	C3N-04127
CPT0238130009	LSCC	CPTAC-3	Normal	C3N-04127
CPT0241170009	LSCC	CPTAC-3	Tumor	C3N-02435
CPT0241210009	LSCC	CPTAC-3	Normal	C3N-02435
CPT0245780009	LSCC	CPTAC-3	Tumor	C3N-03424
CPT0245790009	LSCC	CPTAC-3	Normal	C3N-03424
CPT0245830009	LSCC	CPTAC-3	Tumor	C3N-03425
CPT0245840009	LSCC	CPTAC-3	Normal	C3N-03425
CPT0245880009	LSCC	CPTAC-3	Tumor	C3N-03441
CPT0245890009	LSCC	CPTAC-3	Normal	C3N-03441
029ac9f2-0ff1-427f-884b-4ecad8589cbd	LUAD	CPTAC-3	Normal	C3L-01632-06
02b6a42a-4bf5-4443-b2c0-b3a4afa66032__91fda349-383d-4889-bf2b-16e5a9d3bc89	LUAD	CPTAC-3	Tumor	C3L-00422-01__C3L-00422-02
02fd1085-e890-47bf-9e8b-a8038c547308__9e2e2648-e67d-4fea-9681-778c3c373606	LUAD	CPTAC-3	Tumor	C3N-02729-01__C3N-02729-02
03774dc3-3819-4a86-9527-ce8a89a38f42	LUAD	CPTAC-3	Normal	C3L-00095-06
03b68344-c125-4f70-a4aa-395925d652cc__78e68f7e-e4c8-4929-9004-9567051617cc	LUAD	CPTAC-3	Tumor	C3N-02003-01__C3N-02003-02
04c50902-e812-454d-aa27-409e522e26d8	LUAD	CPTAC-3	Normal	C3N-01416-07
0916f650-4853-4de5-988e-fd44843f231a__65dcde6d-351c-4398-b96f-5cdba3e479de	LUAD	CPTAC-3	Tumor	C3L-00263-04__C3L-00263-05
0a1d6922-7594-4db4-8e0b-95e3404597dc	LUAD	CPTAC-3	Normal	C3N-01799-07
0bf29c6b-9700-4ae9-a6b3-b86f5dcc7a96	LUAD	CPTAC-3	Normal	C3N-00169-06
0c23cc74-18f0-4f2c-b423-c8504bca3f4a	LUAD	CPTAC-3	Normal	C3N-00559-06
0cb73dd0-8f2e-44c1-8c75-0b74ed943f47	LUAD	CPTAC-3	Tumor	C3N-00199-02
0d7e2b82-e85d-4045-b7e0-d508026099b7	LUAD	CPTAC-3	Tumor	C3L-00368-01
0de66ed3-492f-4fac-98d0-7778d5fc1d1c	LUAD	CPTAC-3	Tumor	C3N-01489-02
0df1ad07-20e1-40f1-ba0a-4ac63fa446fd	LUAD	CPTAC-3	Tumor	C3N-00550-02
0e022387-2bb6-4845-ac04-29377255f7b5__a8af99e3-91ab-401e-9426-45c0c234db24	LUAD	CPTAC-3	Tumor	C3N-00704-01__C3N-00704-02
0e2ffa31-131b-490a-8ef1-7e6ebe561fda	LUAD	CPTAC-3	Tumor	C3N-02087-01
0f04f4a9-c0ac-4e7f-bb7e-8b38285606fb	LUAD	CPTAC-3	Normal	C3L-02348-06
10a2484c-cc3e-495f-aa55-a0c7dab59855	LUAD	CPTAC-3	Normal	C3N-02421-03
113ece35-125c-4a04-b219-7e1d31a67314	LUAD	CPTAC-3	Normal	C3L-01683-04
12d6e4b4-d8bd-4a65-b698-52905b1ff060__38009c49-7d29-442b-aad6-f0c56ace0236	LUAD	CPTAC-3	Tumor	C3L-01924-03__C3L-01924-05
14301fb5-fd41-47be-8266-f0cdf4adda35	LUAD	CPTAC-3	Normal	C3N-00550-06
15df4c79-9b2f-449f-bb9d-c9754cd810fd	LUAD	CPTAC-3	Tumor	C3L-02508-02
15f4344b-0c6b-4972-966d-3bc50efb8486__e7589bdd-faff-4e0b-86b9-8c6dc65a8ffc	LUAD	CPTAC-3	Tumor	C3N-02423-01__C3N-02423-02
16ba6131-09c5-4c7a-a103-148962ff1ac7	LUAD	CPTAC-3	Tumor	C3N-00559-01
17815a1f-42d1-4719-8bb0-64dc9a16f6e3	LUAD	CPTAC-3	Tumor	C3N-00545-01
184a322f-43f7-4abf-93d3-8488c0d98312__21cca33c-2d3a-4441-bde2-89a21caa0ec2	LUAD	CPTAC-3	Tumor	C3N-02588-01__C3N-02588-02
195a8a28-9dbb-4c22-85f2-27a5f89e23b1	LUAD	CPTAC-3	Normal	C3L-01890-06
1a268e40-2c49-431e-9aa0-59b300ffa09f	LUAD	CPTAC-3	Normal	C3L-00279-05
1a501fe7-8152-43db-b03a-f6cf2f81c8a8__d0cbb5af-82fe-4c08-93a4-af9838d56279	LUAD	CPTAC-3	Tumor	C3L-00279-02__C3L-00279-03
1ad9d871-07f9-4fec-abc6-4283d3f3907b	LUAD	CPTAC-3	Normal	C3N-00552-06
1ceeaa5d-2d23-4414-bc97-90709decb6f5	LUAD	CPTAC-3	Normal	C3L-00604-06
1d14bbbc-5df7-439a-aae0-fec6687c9761	LUAD	CPTAC-3	Normal	C3L-01889-06
1db0111e-0879-47ee-a732-29e9867528e8	LUAD	CPTAC-3	Normal	C3N-00546-06
1dec4a74-21d9-4e4d-8a43-b744ed81021a__564b1c81-93aa-4fec-ac06-19aa63cb735a	LUAD	CPTAC-3	Tumor	C3L-00510-02__C3L-00510-03
1def56a6-5958-4b5d-ab02-703e2311b9b7	LUAD	CPTAC-3	Normal	C3L-00140-06
1e7b9bdf-7b27-4ff5-a863-85e27b5730f7__3a317772-0b0c-473d-be79-499b01c5dd48	LUAD	CPTAC-3	Tumor	C3N-02380-01__C3N-02380-02
1f61b8a4-cb8a-4d26-a683-0c8541b2d60c	LUAD	CPTAC-3	Tumor	C3N-02145-03
1f8f374c-aada-4bb8-8af3-f906318fce5d	LUAD	CPTAC-3	Tumor	C3N-01410-02
1f9c6b1c-7edd-4297-82ea-9f7bac608119	LUAD	CPTAC-3	Tumor	C3L-00094-03
26e0ab31-2555-4e98-821e-e90baaf9a742	LUAD	CPTAC-3	Normal	C3L-02345-06
27398775-c29a-44d5-b2c0-3f30814c9310__67791d47-04e8-4dcb-8c65-9eebe0fca563	LUAD	CPTAC-3	Tumor	C3N-02586-01__C3N-02586-02
2842645b-d96b-412b-a448-6131fd217447	LUAD	CPTAC-3	Normal	C3N-00737-06
2924cbde-a0f3-41fb-b5ad-df29a1213387	LUAD	CPTAC-3	Normal	C3N-02067-03
2b0228ac-182d-48b4-aa06-821a106a5990__b7bec81b-d761-4372-a6f8-cc0458ce699b	LUAD	CPTAC-3	Tumor	C3N-02421-01__C3N-02421-02
2d4c601a-b89e-4a15-b2ce-42c0bc12cd0a	LUAD	CPTAC-3	Tumor	C3N-01024-03
3102bb15-d25e-4150-9858-7020943c604e	LUAD	CPTAC-3	Normal	C3N-01016-06
3184995a-cac9-4f64-9c64-77352d8b58d3	LUAD	CPTAC-3	Tumor	C3N-00549-03
3226f1b3-9ccb-4b9a-8afd-638fe281d27b__798d832f-d911-40e2-a7d6-b4d3a92d58f7	LUAD	CPTAC-3	Tumor	C3N-02572-01__C3N-02572-02
324e0cb3-e4e2-4db6-b856-e5fe29e45a99	LUAD	CPTAC-3	Normal	C3N-02155-06
332e9a29-a166-44bd-85ab-f6a2850513da	LUAD	CPTAC-3	Normal	C3L-00080-06
352be9c1-13f9-47ea-aa7a-3419c68fef65	LUAD	CPTAC-3	Normal	C3L-00973-07
38d26cbe-2e63-4789-b4d4-4b9c2715125c	LUAD	CPTAC-3	Tumor	C3N-00574-01
398790cb-199b-4d82-af1c-43ac9756d2fa	LUAD	CPTAC-3	Normal	C3L-02549-06
3a2a7eb1-fa22-4308-9abf-5acc1210cda3	LUAD	CPTAC-3	Tumor	C3N-00560-02
3a96e351-7850-459c-896c-6444e34745b9	LUAD	CPTAC-3	Normal	C3L-00001-06
3d72ac02-1c27-446b-ad4c-e2c2eaf53331__966baff9-7cd3-4f82-82fa-3ea252e57973	LUAD	CPTAC-3	Tumor	C3N-02582-01__C3N-02582-02
3dd0db56-ee30-4321-9d92-94c24f2346fa	LUAD	CPTAC-3	Normal	C3L-00263-08
3e7ab893-bc40-4ae7-af5c-dd2e34db9cb6	LUAD	CPTAC-3	Tumor	C3N-02158-04
3f19a0e0-4777-4895-ae5e-87228405a1b4	LUAD	CPTAC-3	Tumor	C3N-01414-04
40cd7e41-3062-4f1a-8c32-79d1bc2b8a60	LUAD	CPTAC-3	Normal	C3N-00556-06
43b51f33-3245-4a9f-a6b3-b32f0a134585	LUAD	CPTAC-3	Tumor	C3N-02155-03
4536ad47-e598-4edf-8079-df87f13e90f3	LUAD	CPTAC-3	Normal	C3L-01330-04
47e96521-f2aa-4eeb-810e-bc8b658cebb1__9e1704c0-a7fb-4e79-bd54-5a4906f68e9e	LUAD	CPTAC-3	Tumor	C3N-02002-02__C3N-02002-03
47f17b21-a180-490d-9f20-5be9ca4101da	LUAD	CPTAC-3	Normal	C3N-02529-03
48aa2055-ff38-4beb-b504-188824e16e5e	LUAD	CPTAC-3	Tumor	C3N-00579-02
49a9a18e-7e5a-4c83-a0ea-687c9457b3f5	LUAD	CPTAC-3	Normal	C3N-02149-06
4bc3649d-df8d-4cb2-b67c-17adab3c49db	LUAD	CPTAC-3	Normal	C3N-01410-07
4be3d5ff-7225-432d-a320-8eac6b4d2cd4__60ee923c-845b-4488-9ad1-fa452f5469b4	LUAD	CPTAC-3	Tumor	C3N-02424-01__C3N-02424-02
4bf051f8-67eb-4ce2-abb0-37359d673d38	LUAD	CPTAC-3	Tumor	C3N-00547-01
4c349f21-a486-45c7-9e71-26dd204414c6	LUAD	CPTAC-3	Normal	C3N-01023-06
4c5261a7-5039-47cc-8076-01a543db3a05	LUAD	CPTAC-3	Tumor	C3N-00180-02
4d0e9075-401e-4159-b72f-19c7d803c5a2	LUAD	CPTAC-3	Normal	C3N-01030-06
4ed4725f-300c-4fc3-b4b5-b22b61f048e0	LUAD	CPTAC-3	Normal	C3L-01924-07
4f770391-96e2-41bc-8744-8d4c1ff781b5	LUAD	CPTAC-3	Normal	C3L-00144-06
50964e7c-9b6a-44ad-aa7f-aaa838108831	LUAD	CPTAC-3	Tumor	C3N-01074-01
5110d72b-f987-467e-a553-38105e1c97ea	LUAD	CPTAC-3	Tumor	C3L-00893-02
517448c8-b5e5-433a-b5d0-45d43066cc75	LUAD	CPTAC-3	Tumor	C3N-00433-03
52cae69c-ee07-49b4-83de-a2e98eaece44	LUAD	CPTAC-3	Tumor	C3N-00169-03
5335fb6e-1460-4b8d-aba6-04648411fb73	LUAD	CPTAC-3	Tumor	C3N-00293-04
53c90c5a-504f-43ff-bffa-ed8df09166b5	LUAD	CPTAC-3	Normal	C3L-00893-06
57e1d036-d04b-4d6d-82a1-7fb3f40b6ef4	LUAD	CPTAC-3	Normal	C3L-00368-06
5849c6ba-baef-4924-8591-57b174c4384f	LUAD	CPTAC-3	Tumor	C3N-01071-03
585d8c0e-6417-495b-aa1a-147ea2ba5491	LUAD	CPTAC-3	Tumor	C3N-01842-01
58643f52-5d14-4df4-828c-01870e03e098	LUAD	CPTAC-3	Tumor	C3N-02149-02
58ed13e3-ddfb-4239-904c-e99b2b46849e	LUAD	CPTAC-3	Normal	C3N-00217-06
5b04b90a-7001-4521-a948-1f3fb3186e00	LUAD	CPTAC-3	Tumor	11LU013
5b0b9fe2-e9f0-4d1d-80a6-6d0612e5e826__e34ae499-b9c7-4bf8-bba6-2c266428126d	LUAD	CPTAC-3	Tumor	C3L-01682-01__C3L-01682-02
5b77a130-063d-4e58-ad06-84681f572c3a	LUAD	CPTAC-3	Tumor	C3N-01488-03
5c24082b-d2a0-4385-b051-aea9b987024a	LUAD	CPTAC-3	Tumor	C3L-01890-02
5c2d7efc-4261-4826-9642-386f9f7020db	LUAD	CPTAC-3	Tumor	C3L-00095-01
5d430ee2-3922-410e-bdf0-03c22bc346a7	LUAD	CPTAC-3	Tumor	11LU022
5fc1446e-05c7-45e3-a621-f8d89bacec63	LUAD	CPTAC-3	Tumor	11LU016
5fef2f67-378e-4579-9bda-77bbaba63c62__846ff460-3d2d-4321-9bb5-ae6d009124bc	LUAD	CPTAC-3	Tumor	C3N-02587-01__C3N-02587-02
60a98c68-4a8d-4470-b49f-fec8ec952d95	LUAD	CPTAC-3	Normal	C3N-02582-03
628dd640-68cc-4660-a10c-c4b1cb227ca4	LUAD	CPTAC-3	Tumor	C3N-02089-03
63762bcb-90dd-4369-af44-5119842e8f3d__ace2a7d3-2e5e-43cd-b0b0-01a48ab699e9	LUAD	CPTAC-3	Normal	C3N-01405-06__C3N-01405-07
639f6862-bffc-4558-819d-5d813a2587da	LUAD	CPTAC-3	Tumor	C3N-01413-01
64243640-3f92-4da8-853d-cc1226eb9de6__b9651b33-cc5b-416a-9b16-f41b6d1d054e	LUAD	CPTAC-3	Tumor	C3N-02422-01__C3N-02422-02
6575f526-cb75-4c5c-b861-ce4a423f2140	LUAD	CPTAC-3	Tumor	C3N-01405-01
65c4150d-41f5-49fd-9450-a25044f486fa	LUAD	CPTAC-3	Normal	C3N-02379-03
65d494ba-dbca-4e3b-9ec3-2da7746ed0e5	LUAD	CPTAC-3	Normal	C3N-00547-06
66a25eb2-3729-4dc0-8435-6f463a318091	LUAD	CPTAC-3	Normal	C3N-00738-03
67497336-5bf6-4857-b0ab-8382f9748556	LUAD	CPTAC-3	Normal	C3N-02087-06
6790984e-8a6f-43b8-bb0d-cf719f96db85	LUAD	CPTAC-3	Normal	C3N-00199-07
697c0123-bf33-4aca-af4d-da02c8bf2a94	LUAD	CPTAC-3	Normal	C3L-02219-06
6b7638f5-4824-4a76-b1be-c0f1df94f3d0	LUAD	CPTAC-3	Tumor	C3L-00140-02
6d4f96c4-c7b6-4176-9813-6f5ebec3bc61__8bea0c7e-81f1-4954-bd9e-ee7136899685	LUAD	CPTAC-3	Tumor	C3N-02433-01__C3N-02433-02
6ed156f4-b871-491c-aacf-4cd304dbe00c	LUAD	CPTAC-3	Tumor	C3N-01030-03
6f6b9478-2f80-422b-b151-c1da62b571af	LUAD	CPTAC-3	Tumor	C3N-00572-04
6f7faba0-9b1f-4a03-8ae0-13df6339b88f	LUAD	CPTAC-3	Tumor	C3N-00203-03
7089c3bb-b7dc-4fb9-8e3e-d81d16877afd	LUAD	CPTAC-3	Tumor	C3L-00001-02
730e9961-2e11-4b35-82de-0f2d00091d00	LUAD	CPTAC-3	Tumor	C3N-00738-01
7447f78d-a882-42c2-a527-7bbb2b0efbb1	LUAD	CPTAC-3	Tumor	C3L-02345-02
748316d2-0357-40ad-bac4-13baac7be540	LUAD	CPTAC-3	Normal	C3N-02158-06
769b2337-530f-4ad8-8af0-c99bc47c9291	LUAD	CPTAC-3	Normal	C3N-02145-07
774ad5f9-9b4d-408a-b01e-b6e045306505	LUAD	CPTAC-3	Normal	C3N-00293-05
7770e95d-ccf6-4403-b649-89a4e6d84528__aae7532e-5004-43ec-b568-758ee413448e	LUAD	CPTAC-3	Tumor	C3L-01330-01__C3L-01330-02
79903676-1190-4a70-9cad-f3a8bdf653de	LUAD	CPTAC-3	Normal	C3N-00704-03
79ebc21e-0f16-4292-9ea5-357bc64832a5__a7695c82-835e-425d-872f-7c2536b0c009	LUAD	CPTAC-3	Normal	C3N-00549-06__C3N-00549-07
7a0e451f-c0c6-49e9-a5c1-798e6937051d	LUAD	CPTAC-3	Tumor	C3L-01889-01
7afe8c34-3c9f-4cd4-9da0-bfed560c42c7__beec021d-aaba-4127-bbf3-18e1176806b3	LUAD	CPTAC-3	Tumor	C3N-02067-01__C3N-02067-02
7e4bc0be-dc46-475d-a4c5-9db183bbcaa5	LUAD	CPTAC-3	Tumor	C3N-01823-02
7e7cc8ae-9036-49b7-807d-23b67526db5d__c1dbb963-66eb-4e3b-8add-bda7e2b88584	LUAD	CPTAC-3	Tumor	C3N-02379-01__C3N-02379-02
7fb70ccf-8455-49c1-8e3a-b77807d2bd18	LUAD	CPTAC-3	Normal	C3N-01415-07
810aa548-fa75-41f7-a67e-fb82ba1060b0	LUAD	CPTAC-3	Tumor	C3L-01862-01
82380a8f-4162-4562-8c2f-9e9c11f3ccc6	LUAD	CPTAC-3	Tumor	C3N-00223-01
8555f2c4-3c91-42e3-b89a-8d0dc872e2e6	LUAD	CPTAC-3	Tumor	C3L-02549-02
85aeecb4-4646-4a87-a7bf-75349cd2a38e	LUAD	CPTAC-3	Tumor	C3L-02350-02
8799dd20-63b5-4ef1-b436-c654a9b3a287	LUAD	CPTAC-3	Normal	C3N-01072-06
8911f530-7fec-4213-bae0-16762f453dc8	LUAD	CPTAC-3	Normal	C3N-00560-06
8b4a665a-4452-4c1f-8d8e-a285119f9f7c	LUAD	CPTAC-3	Tumor	C3N-01016-02
8b770979-1877-496e-9fe9-5267e2cf696b	LUAD	CPTAC-3	Normal	C3N-02729-03
8b8bc406-a6ec-416a-866d-6ed54e3dde07	LUAD	CPTAC-3	Tumor	C3N-00175-02
8b939486-d9b0-4c8f-89b7-235e038c44f9	LUAD	CPTAC-3	Tumor	C3L-00973-03
8c1a372d-445e-4860-9ead-7a0e0684139d	LUAD	CPTAC-3	Normal	C3N-02003-03
8c4fa768-3569-4c1c-9712-6e3c35e58c70	LUAD	CPTAC-3	Normal	C3N-02587-03
8c9890f2-c232-4849-a3a8-663817044f4b	LUAD	CPTAC-3	Normal	C3L-01682-07
8fcd999d-1ece-4f53-8cd9-a46522a8a89e	LUAD	CPTAC-3	Tumor	C3L-00913-03
8fda7a26-b114-4a36-8448-534af5fac25f	LUAD	CPTAC-3	Tumor	C3N-00556-03
90304726-2091-4297-abe5-e9eadf83226c	LUAD	CPTAC-3	Normal	C3N-00572-06
918ed26f-7a7b-4dd7-98d1-08b38b3f9c2c__c3afb604-a6e5-484e-a919-89f2b8f37b26	LUAD	CPTAC-3	Tumor	C3N-00217-02__C3N-00217-04
92ec0bad-4dcf-43cb-8f1b-ad6258d0b9ed	LUAD	CPTAC-3	Normal	C3N-02380-03
94160dfb-8b48-41b7-bfc2-df9fb0ec5f84	LUAD	CPTAC-3	Tumor	C3N-00552-02
949176bb-08ab-407e-977d-5965d49b8da1	LUAD	CPTAC-3	Normal	C3N-01823-06
963dcaea-9d55-441d-aebc-1afc8416a307	LUAD	CPTAC-3	Normal	C3L-02350-06
970b954f-933b-4496-b149-40be765d7f4b__feea8ee2-1999-4b3f-8488-81917122c79c	LUAD	CPTAC-3	Normal	C3N-01021-06__C3N-01021-07
9a7384f7-0b4f-4a29-af51-d835016a90e9	LUAD	CPTAC-3	Normal	C3N-02089-06
9c157c47-9df2-49c6-a2fc-89982717307b	LUAD	CPTAC-3	Normal	C3L-00094-06
9c8a5a3b-2278-4cb0-8e03-a6efa4456903	LUAD	CPTAC-3	Tumor	C3N-00545-03
9cd15857-b088-4b70-b258-a2e7d36dc5ba	LUAD	CPTAC-3	Tumor	C3L-00083-01
9ed64888-3056-4118-86cc-bddaf9da2dda	LUAD	CPTAC-3	Tumor	C3L-00144-01
9f696be4-ac15-4a52-810b-8e2e603a3877	LUAD	CPTAC-3	Normal	C3N-00203-07
a04704c3-551a-4d55-8755-c30e6f8d1e8b	LUAD	CPTAC-3	Tumor	C3L-01632-02
a58b5126-18d2-4815-83d7-0223dc4d2174	LUAD	CPTAC-3	Tumor	C3N-00551-04
a72e5c0f-014b-457f-bfc6-ed9e3ba0b707	LUAD	CPTAC-3	Tumor	C3N-01415-01
a79f39da-704f-4996-ba09-623cfd885a7a	LUAD	CPTAC-3	Tumor	C3L-00093-01
aa3ca675-b27f-4b09-a484-1d118cbbe6a6	LUAD	CPTAC-3	Normal	C3L-00510-04
aa54c56c-6197-4b66-8dd5-785066e1a0f7	LUAD	CPTAC-3	Normal	C3N-00433-07
ab1e2bfa-eb34-4056-abbf-e40ac7e19026	LUAD	CPTAC-3	Normal	C3N-00545-06
ac44403c-4937-4aff-bbc5-7afbd968a321	LUAD	CPTAC-3	Tumor	C3L-02348-02
ade32e21-2764-41f5-a0ac-eaa28ca0ba27	LUAD	CPTAC-3	Normal	C3N-01489-07
b0474873-bbb2-4911-b163-e86be63c1ecd	LUAD	CPTAC-3	Tumor	C3N-00959-02
b87c5150-707b-4c18-a920-36941442c41a__bf70b142-4d9e-4718-93b6-9a3642c311f6	LUAD	CPTAC-3	Tumor	C3L-01683-01__C3L-01683-02
b8aab8b9-4434-4073-93ec-f14b342f74f1	LUAD	CPTAC-3	Tumor	C3L-02219-01
b966d499-089e-4049-a1f2-a0152daaf2ed	LUAD	CPTAC-3	Normal	C3N-02588-03
b9e9b094-c3b2-49eb-b960-846ac32ea2de	LUAD	CPTAC-3	Normal	C3N-00580-06
bb004624-f06c-419d-a332-68f9fce6f9af	LUAD	CPTAC-3	Normal	C3N-00959-06
bcbe675c-65ef-4d3a-a768-ea4a818f8f93	LUAD	CPTAC-3	Normal	C3L-00009-06
bd3c1069-7b0c-4cbd-8f6a-d9b8ffc84278	LUAD	CPTAC-3	Normal	C3N-02586-03
bf6dce62-7b0e-4fbe-b888-5bca72a7691d	LUAD	CPTAC-3	Tumor	11LU035
bfd77e02-72a1-48b3-b5fc-1d8b9d53d6fb	LUAD	CPTAC-3	Tumor	C3N-01799-02
c0cec9bb-2e15-46b8-9dc4-155c7984ea98__c8456ce2-3697-4293-bcfe-2ba14ac6df2a	LUAD	CPTAC-3	Normal	C3N-00574-06__C3N-00574-07
c10aea56-f0f2-4315-aa2c-e8e16230fba8	LUAD	CPTAC-3	Tumor	C3N-00578-04
c1f54a2a-9aa5-453a-ab5f-787f76128ef0	LUAD	CPTAC-3	Tumor	C3N-00580-03
c61ab2cf-e3cb-49c4-bfce-879417d1f31b	LUAD	CPTAC-3	Tumor	C3N-01023-04
c62212af-c8ea-483b-9516-3c7337d16187	LUAD	CPTAC-3	Normal	C3N-00551-06
c9d1072d-dac7-4b55-a97f-78cc0f307846__edbc129b-de5f-4bb6-b48f-5b5c67669813	LUAD	CPTAC-3	Tumor	C3N-02000-01__C3N-02000-02
cb723f81-200c-461a-b66e-75acd102ec4d	LUAD	CPTAC-3	Normal	C3N-00579-06
cbe7da87-6e98-47ba-8e8b-be445504d1ab	LUAD	CPTAC-3	Normal	C3N-02423-03
ced5a660-a881-42b0-b760-d6e64737ae53	LUAD	CPTAC-3	Normal	C3L-00913-06
d066647b-c078-42c5-acd0-13b0bfe49959	LUAD	CPTAC-3	Tumor	C3L-00412-01
d1147d0c-4893-491b-973d-2daa245c84d4	LUAD	CPTAC-3	Normal	C3N-01413-06
d48a2efe-a809-4b8a-ba2a-11b866fa9882__f573a3bb-f782-4f1a-8678-c04d69c253bc	LUAD	CPTAC-3	Tumor	C3N-02529-01__C3N-02529-02
d6e9dae7-83e8-4aa1-9ce9-9bdb5ccd4b39	LUAD	CPTAC-3	Normal	C3L-00412-06
d7a37860-a3ce-415d-bd95-eb929482e58e	LUAD	CPTAC-3	Normal	C3N-02424-03
da19f7cf-4044-4316-8111-df6961a1a115	LUAD	CPTAC-3	Normal	C3N-01488-06
da82ef44-cd9a-4d3d-bc31-bd923236d3a5	LUAD	CPTAC-3	Normal	C3N-02002-01
da84df89-c942-4aa9-b791-6df8450f1f7b	LUAD	CPTAC-3	Normal	C3N-02000-03
dbc0e7d0-3600-4875-b51f-f2bebcf44953	LUAD	CPTAC-3	Normal	C3N-00180-06
e06b3b68-d4e4-4ecf-b8ba-c6c5ba4d346a	LUAD	CPTAC-3	Normal	C3N-00223-07
e13e094a-83fb-4163-840a-c2fc37cff43d	LUAD	CPTAC-3	Normal	C3L-02508-04
e15f42dc-f451-40cc-a992-1fb99985e16f	LUAD	CPTAC-3	Normal	C3N-02572-03
e6e2de27-30ef-4149-b964-efc8223b55be	LUAD	CPTAC-3	Normal	C3N-02433-03
e72f21fc-e1a0-49e3-af19-88c6ae7834ae	LUAD	CPTAC-3	Normal	C3N-00578-06
e8dd0bc0-09e8-460c-81cb-ca5baaf676fb	LUAD	CPTAC-3	Tumor	C3N-00294-02
e94bafbc-cfcc-4b38-ab40-c87f2c091466	LUAD	CPTAC-3	Tumor	C3L-02365-01
ea305a99-f455-474f-b7ee-4d4d8f1c7e01	LUAD	CPTAC-3	Normal	C3N-01414-06
ebf36ae0-1c85-47d9-8cee-7cd519a6dea4	LUAD	CPTAC-3	Normal	C3L-00093-06
ec459080-40cb-409e-921c-59eb20faf359	LUAD	CPTAC-3	Normal	C3L-00083-06
ecf9bf66-72fe-45bb-92a7-889ddcec58f4	LUAD	CPTAC-3	Tumor	C3N-01021-01
ee51f57f-3a2f-4421-bc53-7de0bf782288	LUAD	CPTAC-3	Normal	C3N-00175-06
eed3c470-32c0-4787-a8a8-ebd04222a6f0	LUAD	CPTAC-3	Normal	C3N-00167-06
ef54b470-891d-4678-98bb-e3573ad1eb91	LUAD	CPTAC-3	Tumor	C3L-00080-01
ef71b2c0-b758-4984-b191-7f7913a9bf98	LUAD	CPTAC-3	Normal	C3L-00422-05
ef8fc225-206b-4c2c-af61-c30a8f41ce2f	LUAD	CPTAC-3	Normal	C3L-02365-05
efa8c3d4-e157-47cf-9aa3-d17ca84f449a	LUAD	CPTAC-3	Tumor	C3L-00009-01
efeb7246-cbba-461f-a693-d2b5376c52cd	LUAD	CPTAC-3	Tumor	C3N-00167-02
f1fe8ed0-b21f-44c3-9d95-8c7a99aa3f86__fa27999e-f86a-43bc-9e79-0dd62efaee45	LUAD	CPTAC-3	Tumor	C3N-00737-01__C3N-00737-03
f45c05d5-f454-405f-b61f-47950292e7b9	LUAD	CPTAC-3	Tumor	C3L-00604-01
f4a35ac3-33b3-4c83-9b72-5a484ca93609	LUAD	CPTAC-3	Tumor	C3N-01416-03
f5bdaebf-5a0c-4245-b732-ff1f047b33ef	LUAD	CPTAC-3	Normal	C3N-01071-06
f9201b9d-3204-4a2f-a0a7-3313a9627afa	LUAD	CPTAC-3	Tumor	C3N-01072-02
fbb12adf-6ab9-4577-b130-1b9875270153	LUAD	CPTAC-3	Normal	C3N-01024-06
fd5947da-62ba-4cee-8746-c7039524878d	LUAD	CPTAC-3	Tumor	C3N-00546-01
CPT0000250008	PDAC	CPTAC-3	Tumor	C3L-00017
CPT0000270006	PDAC	CPTAC-3	Normal	C3L-00017
CPT0001730008	PDAC	CPTAC-3	Tumor	C3L-00102
CPT0001750006	PDAC	CPTAC-3	Normal	C3L-00102
CPT0008750009	PDAC	CPTAC-3	Tumor	C3N-00302
CPT0008800009	PDAC	CPTAC-3	Tumor	C3N-00303
CPT0010020007	PDAC	CPTAC-3	Tumor	C3L-00395
CPT0011520009	PDAC	CPTAC-3	Tumor	C3L-00277
CPT0014040009	PDAC	CPTAC-3	Tumor	C3N-00198
CPT0014060009	PDAC	CPTAC-3	Normal	C3N-00198
CPT0017040010	PDAC	CPTAC-3	Tumor	C3L-00881
CPT0019230006	PDAC	CPTAC-3	Normal	C3L-00395
CPT0019300007	PDAC	CPTAC-3	Tumor	C3L-00401
CPT0019410007	PDAC	CPTAC-3	Tumor	C3L-00598
CPT0025750006	PDAC	CPTAC-3	Tumor	C3N-00249
CPT0063570006	PDAC	CPTAC-3	Tumor	C3L-00928
CPT0063970010	PDAC	CPTAC-3	Tumor	C3L-00589
CPT0063990006	PDAC	CPTAC-3	Normal	C3L-00589
CPT0064090009	PDAC	CPTAC-3	Tumor	C3L-00819
CPT0064110006	PDAC	CPTAC-3	Normal	C3L-00819
CPT0064520007	PDAC	CPTAC-3	Tumor	C3L-00640
CPT0064570006	PDAC	CPTAC-3	Normal	C3L-00640
CPT0064720007	PDAC	CPTAC-3	Tumor	C3L-00885
CPT0065080006	PDAC	CPTAC-3	Tumor	C3N-00954
CPT0065100009	PDAC	CPTAC-3	Normal	C3N-00954
CPT0065570006	PDAC	CPTAC-3	Tumor	C3N-01502
CPT0065640006	PDAC	CPTAC-3	Tumor	C3N-01011
CPT0066020009	PDAC	CPTAC-3	Normal	C3N-01011
CPT0077790010	PDAC	CPTAC-3	Tumor	C3N-00513
CPT0077860009	PDAC	CPTAC-3	Tumor	C3N-00436
CPT0077880009	PDAC	CPTAC-3	Normal	C3N-00436
CPT0077930010	PDAC	CPTAC-3	Tumor	C3N-00514
CPT0078000009	PDAC	CPTAC-3	Tumor	C3N-00518
CPT0078030009	PDAC	CPTAC-3	Normal	C3N-00518
CPT0078090010	PDAC	CPTAC-3	Tumor	C3N-00516
CPT0078160010	PDAC	CPTAC-3	Tumor	C3N-00512
CPT0078250009	PDAC	CPTAC-3	Tumor	C3N-00511
CPT0081060007	PDAC	CPTAC-3	Tumor	C3L-00189
CPT0081260010	PDAC	CPTAC-3	Tumor	C3L-00599
CPT0081360010	PDAC	CPTAC-3	Tumor	C3L-00622
CPT0081390006	PDAC	CPTAC-3	Normal	C3L-00622
CPT0081470010	PDAC	CPTAC-3	Tumor	C3L-00625
CPT0083270009	PDAC	CPTAC-3	Tumor	C3L-01328
CPT0083290009	PDAC	CPTAC-3	Normal	C3L-01328
CPT0086190007	PDAC	CPTAC-3	Tumor	C3L-01637
CPT0086210009	PDAC	CPTAC-3	Normal	C3L-01637
CPT0087890007	PDAC	CPTAC-3	Tumor	C3N-01167
CPT0088180007	PDAC	CPTAC-3	Tumor	C3N-01375
CPT0088230006	PDAC	CPTAC-3	Tumor	C3N-01378
CPT0088260007	PDAC	CPTAC-3	Tumor	C3N-01380
CPT0088320006	PDAC	CPTAC-3	Tumor	C3N-01388
CPT0088360006	PDAC	CPTAC-3	Tumor	C3N-01389
CPT0088840007	PDAC	CPTAC-3	Tumor	C3N-01379
CPT0089720006	PDAC	CPTAC-3	Tumor	C3N-00957
CPT0091660006	PDAC	CPTAC-3	Tumor	C3L-01598
CPT0092630006	PDAC	CPTAC-3	Tumor	C3L-01662
CPT0093860006	PDAC	CPTAC-3	Tumor	C3N-00517
CPT0093880009	PDAC	CPTAC-3	Normal	C3N-00517
CPT0093930007	PDAC	CPTAC-3	Tumor	C3N-01165
CPT0093980007	PDAC	CPTAC-3	Tumor	C3N-01166
CPT0094030006	PDAC	CPTAC-3	Tumor	C3N-01168
CPT0094080007	PDAC	CPTAC-3	Tumor	C3N-01169
CPT0094130007	PDAC	CPTAC-3	Tumor	C3N-01381
CPT0094180006	PDAC	CPTAC-3	Tumor	C3N-01382
CPT0094230007	PDAC	CPTAC-3	Tumor	C3N-01383
CPT0094630007	PDAC	CPTAC-3	Tumor	C3L-01687
CPT0094740007	PDAC	CPTAC-3	Tumor	C3L-01689
CPT0094760009	PDAC	CPTAC-3	Normal	C3L-01689
CPT0094830007	PDAC	CPTAC-3	Tumor	C3L-01702
CPT0094940007	PDAC	CPTAC-3	Tumor	C3L-01703
CPT0094960008	PDAC	CPTAC-3	Normal	C3L-01703
CPT0108400006	PDAC	CPTAC-3	Tumor	C3L-01453
CPT0108410009	PDAC	CPTAC-3	Normal	C3L-01453
CPT0108930006	PDAC	CPTAC-3	Tumor	C3L-01971
CPT0109010007	PDAC	CPTAC-3	Tumor	C3L-02109
CPT0109110007	PDAC	CPTAC-3	Tumor	C3L-02115
CPT0109200007	PDAC	CPTAC-3	Tumor	C3L-02116
CPT0109300007	PDAC	CPTAC-3	Tumor	C3L-02118
CPT0123440009	PDAC	CPTAC-3	Tumor	C3L-01036
CPT0123650006	PDAC	CPTAC-3	Tumor	C3L-01051
CPT0123750009	PDAC	CPTAC-3	Tumor	C3L-01052
CPT0123860006	PDAC	CPTAC-3	Tumor	C3L-01053
CPT0123990006	PDAC	CPTAC-3	Tumor	C3L-01054
CPT0124360009	PDAC	CPTAC-3	Tumor	C3N-01714
CPT0124410010	PDAC	CPTAC-3	Tumor	C3L-02112
CPT0124430008	PDAC	CPTAC-3	Normal	C3L-02112
CPT0124500010	PDAC	CPTAC-3	Tumor	C3L-02606
CPT0124530009	PDAC	CPTAC-3	Normal	C3L-02606
CPT0124610010	PDAC	CPTAC-3	Tumor	C3L-02613
CPT0124630009	PDAC	CPTAC-3	Normal	C3L-02613
CPT0124980010	PDAC	CPTAC-3	Tumor	C3L-02610
CPT0125010009	PDAC	CPTAC-3	Normal	C3L-02610
CPT0125090009	PDAC	CPTAC-3	Tumor	C3N-01715
CPT0125130009	PDAC	CPTAC-3	Tumor	C3N-01716
CPT0125160010	PDAC	CPTAC-3	Normal	C3N-01719
CPT0126160007	PDAC	CPTAC-3	Tumor	C3L-02463
CPT0126200009	PDAC	CPTAC-3	Normal	C3L-02463
CPT0127270009	PDAC	CPTAC-3	Tumor	C3L-01031
CPT0138900007	PDAC	CPTAC-3	Tumor	C3N-01997
CPT0138990009	PDAC	CPTAC-3	Normal	C3N-01998
CPT0139000007	PDAC	CPTAC-3	Tumor	C3N-01998
CPT0146130007	PDAC	CPTAC-3	Tumor	C3N-02069
CPT0161770010	PDAC	CPTAC-3	Tumor	C3L-02604
CPT0161990011	PDAC	CPTAC-3	Tumor	C3N-01719
CPT0162300016	PDAC	CPTAC-3	Tumor	C3N-01897
CPT0162600011	PDAC	CPTAC-3	Tumor	C3N-01900
CPT0162660010	PDAC	CPTAC-3	Tumor	C3N-02589
CPT0162670010	PDAC	CPTAC-3	Normal	C3N-02589
CPT0162760009	PDAC	CPTAC-3	Tumor	C3N-02592
CPT0162830011	PDAC	CPTAC-3	Tumor	C3N-01907
CPT0166650012	PDAC	CPTAC-3	Tumor	C3L-02890
CPT0166760010	PDAC	CPTAC-3	Tumor	C3L-03123
CPT0166780007	PDAC	CPTAC-3	Normal	C3L-03123
CPT0166850012	PDAC	CPTAC-3	Tumor	C3L-03126
CPT0166930014	PDAC	CPTAC-3	Tumor	C3L-03129
CPT0170510016	PDAC	CPTAC-3	Tumor	C3L-01032
CPT0170600015	PDAC	CPTAC-3	Tumor	C3L-01160
CPT0171630017	PDAC	CPTAC-3	Tumor	C3L-01158
CPT0174700010	PDAC	CPTAC-3	Tumor	C3L-02809
CPT0174800007	PDAC	CPTAC-3	Normal	C3L-02809
CPT0183450011	PDAC	CPTAC-3	Tumor	C3N-02573
CPT0185920010	PDAC	CPTAC-3	Tumor	C3N-02971
CPT0186040010	PDAC	CPTAC-3	Tumor	C3N-03173
CPT0186050010	PDAC	CPTAC-3	Normal	C3N-03173
CPT0187590016	PDAC	CPTAC-3	Tumor	C3N-02590
CPT0187780010	PDAC	CPTAC-3	Tumor	C3N-02697
CPT0187880020	PDAC	CPTAC-3	Tumor	C3N-02997
CPT0187930011	PDAC	CPTAC-3	Tumor	C3N-02998
CPT0197420010	PDAC	CPTAC-3	Tumor	C3L-02899
CPT0197440010	PDAC	CPTAC-3	Normal	C3L-02899
CPT0198310011	PDAC	CPTAC-3	Tumor	C3L-03350
CPT0198420010	PDAC	CPTAC-3	Tumor	C3L-03356
CPT0198700011	PDAC	CPTAC-3	Tumor	C3L-03628
CPT0198910011	PDAC	CPTAC-3	Tumor	C3L-03630
CPT0203850010	PDAC	CPTAC-3	Tumor	C3N-00709
CPT0207780007	PDAC	CPTAC-3	Tumor	C3N-02579
CPT0207980011	PDAC	CPTAC-3	Tumor	C3N-02768
CPT0207990010	PDAC	CPTAC-3	Normal	C3N-02768
CPT0208550011	PDAC	CPTAC-3	Tumor	C3N-02940
CPT0208690010	PDAC	CPTAC-3	Tumor	C3N-02944
CPT0208840010	PDAC	CPTAC-3	Tumor	C3N-03061
CPT0209310014	PDAC	CPTAC-3	Tumor	C3N-03086
CPT0217700010	PDAC	CPTAC-3	Tumor	C3L-02897
CPT0221240010	PDAC	CPTAC-3	Tumor	C3L-04072
CPT0221250007	PDAC	CPTAC-3	Normal	C3L-04072
CPT0221470011	PDAC	CPTAC-3	Tumor	C3L-04080
CPT0221490010	PDAC	CPTAC-3	Normal	C3L-04080
CPT0226490010	PDAC	CPTAC-3	Tumor	C3N-03000
CPT0226530014	PDAC	CPTAC-3	Tumor	C3N-03006
CPT0226570010	PDAC	CPTAC-3	Tumor	C3N-03007
CPT0226600010	PDAC	CPTAC-3	Tumor	C3N-03426
CPT0226650010	PDAC	CPTAC-3	Tumor	C3N-03430
CPT0226680011	PDAC	CPTAC-3	Tumor	C3N-03428
CPT0226760010	PDAC	CPTAC-3	Tumor	C3N-03665
CPT0227930010	PDAC	CPTAC-3	Tumor	C3L-02701
CPT0236340010	PDAC	CPTAC-3	Tumor	C3N-03069
CPT0236360010	PDAC	CPTAC-3	Normal	C3N-03069
CPT0236560010	PDAC	CPTAC-3	Tumor	C3N-03190
CPT0236700011	PDAC	CPTAC-3	Tumor	C3N-03839
CPT0236780011	PDAC	CPTAC-3	Tumor	C3N-03840
CPT0237270008	PDAC	CPTAC-3	Tumor	C3N-03853
CPT0237910010	PDAC	CPTAC-3	Tumor	C3N-04119
CPT0238040011	PDAC	CPTAC-3	Tumor	C3N-04126
CPT0238440011	PDAC	CPTAC-3	Tumor	C3L-03632
CPT0238530011	PDAC	CPTAC-3	Tumor	C3L-03635
CPT0238610015	PDAC	CPTAC-3	Tumor	C3L-03639
CPT0238710010	PDAC	CPTAC-3	Tumor	C3L-04473
CPT0238820011	PDAC	CPTAC-3	Tumor	C3L-04475
CPT0238920010	PDAC	CPTAC-3	Tumor	C3L-04479
CPT0239100015	PDAC	CPTAC-3	Tumor	C3L-04495
CPT0241320011	PDAC	CPTAC-3	Tumor	C3N-01012
CPT0241500010	PDAC	CPTAC-3	Tumor	C3N-02010
CPT0241510007	PDAC	CPTAC-3	Normal	C3N-02010
CPT0246210007	PDAC	CPTAC-3	Tumor	C3N-03440
CPT0246220010	PDAC	CPTAC-3	Normal	C3N-03440
CPT0246260007	PDAC	CPTAC-3	Tumor	C3N-03439
CPT0246720009	PDAC	CPTAC-3	Tumor	C3N-03666
CPT0246810013	PDAC	CPTAC-3	Tumor	C3N-03754
CPT0246840013	PDAC	CPTAC-3	Tumor	C3N-03670
CPT0246940009	PDAC	CPTAC-3	Tumor	C3N-03780
CPT0246950009	PDAC	CPTAC-3	Normal	C3N-03780
CPT0246990009	PDAC	CPTAC-3	Tumor	C3N-04282
CPT0247040006	PDAC	CPTAC-3	Tumor	C3N-04283
CPT0247050008	PDAC	CPTAC-3	Normal	C3N-04283
CPT0247090013	PDAC	CPTAC-3	Tumor	C3N-04284
CPT0248320009	PDAC	CPTAC-3	Normal	C3L-04475
CPT0248410010	PDAC	CPTAC-3	Tumor	C3L-04848
CPT0248590014	PDAC	CPTAC-3	Tumor	C3L-04853
CPT0254680009	PDAC	CPTAC-3	Tumor	C3L-04027
CPT0254740009	PDAC	CPTAC-3	Normal	C3L-04027
CPT0264150006	PDAC	CPTAC-3	Tumor	C3L-03743
CPT0264180009	PDAC	CPTAC-3	Normal	C3L-03743
CPT0276010009	PDAC	CPTAC-3	Tumor	C3L-03395
020e5c88-a6ea-4d7b-a179-7b48030a8216	UCEC	CPTAC-3	Tumor	C3L-00905-02
04df4034-7328-4b49-ab3c-33366a4d2ff4	UCEC	CPTAC-3	Tumor	C3N-00339-02
0813843c-83cd-4c44-8f33-d4b3a79ace79__ed19d15d-4d19-49ad-a628-3f2cdfb930c8	UCEC	CPTAC-3	Tumor	C3L-00921-02__C3L-00921-03
0c2d3f13-eb08-48bb-aca9-ec0d32f1d93a	UCEC	CPTAC-3	Tumor	C3L-00361-01
0f5896ec-657e-4ef4-b357-960ff7184915	UCEC	CPTAC-3	Tumor	C3L-00947-01
124c1f32-0988-4240-932f-e2f6daa0205f__324fc91e-aba8-4a1f-95f9-3a1938419a95	UCEC	CPTAC-3	Tumor	C3L-00161-01__C3L-00161-02
145984ec-96a5-4793-8f5d-bfd10dee3462	UCEC	CPTAC-3	Tumor	C3L-00938-01
1597ed35-e521-45f0-9451-7e8ee85d8ac7__3e9e3fbf-ebe7-4577-82e0-92bd72162532	UCEC	CPTAC-3	Tumor	C3N-01346-03__C3N-01346-04
1b7e9a00-3f36-40bf-acfc-12b9d31fc55d	UCEC	CPTAC-3	Tumor	C3N-00324-04
1e73f17f-ea14-406f-90fa-c6332761d378	UCEC	CPTAC-3	Tumor	C3L-00963-01
1f58fee8-9676-425d-9255-d2a41b5be605	UCEC	CPTAC-3	Tumor	C3N-00743-01
238707f3-1bdd-4ff7-8e52-6a639e025c18	UCEC	CPTAC-3	Tumor	C3L-01311-01
23c463f4-56db-4937-a011-68e304b0d0be	UCEC	CPTAC-3	Normal	C3N-00858-05
23d184d3-3d2c-4f6f-b642-197ee5d4c73f	UCEC	CPTAC-3	Tumor	C3L-00356-01
2465ec65-14ec-46a0-8e16-2b7ee944d1b3	UCEC	CPTAC-3	Normal	C3N-00383-06
28853994-8f46-4215-ba2b-406839b58af4	UCEC	CPTAC-3	Tumor	C3L-01249-01
28b03881-310f-4f05-9a2c-543ca8e1c54e	UCEC	CPTAC-3	Tumor	C3N-01003-01
2a1a2f54-441f-4a94-99ee-9359bae39a7b	UCEC	CPTAC-3	Tumor	C3L-00358-01
2b17c912-7034-4a06-8688-1f262d4b2f23	UCEC	CPTAC-3	Tumor	C3N-01212-03
2bdc2690-67ff-4c2c-b9df-5ebd5e75ed2a	UCEC	CPTAC-3	Tumor	C3L-01248-01
2c94dd1b-01b5-45c8-9f05-9dc35f4796c1	UCEC	CPTAC-3	Tumor	C3N-01802-01
2c98e2db-2859-475b-92fa-aea76ffdf6c7	UCEC	CPTAC-3	Normal	C3L-01282-06
2df940ac-f993-4449-8663-3156495ed21e	UCEC	CPTAC-3	Tumor	C3N-00323-02
30a3c97b-47fe-4cac-833f-73724bb8abf3	UCEC	CPTAC-3	Tumor	C3N-00383-04
327f8f97-72b9-4c71-9132-983c5eb7c2d5	UCEC	CPTAC-3	Tumor	C3N-00200-02
39ad2ec7-ce9a-4cfd-951e-53a165d86b45	UCEC	CPTAC-3	Tumor	C3N-01825-03
3af3fd57-fbb6-4521-abac-d47b169a3553	UCEC	CPTAC-3	Tumor	C3L-01282-01
3b962857-122f-4a02-9f27-5e0be10ef736__c88b30bc-2227-4bb7-afae-52a58c8630d9	UCEC	CPTAC-3	Tumor	C3N-00734-01__C3N-00734-03
3cbd3136-1ece-4b79-9890-b12af4148737	UCEC	CPTAC-3	Tumor	C3N-00388-01
431cc31c-012f-4a15-9cba-17c0151795fe	UCEC	CPTAC-3	Tumor	C3L-00932-01
4339afb1-4391-4ec1-b9a8-05d6c37590e1	UCEC	CPTAC-3	Tumor	C3L-00145-02
4494525a-d608-4d4b-90e1-260c718bd177	UCEC	CPTAC-3	Tumor	C3N-00321-01
453773a4-7691-4e50-afd7-67c75c7b286c	UCEC	CPTAC-3	Tumor	C3N-00386-02
462b9226-041d-4bce-8851-f59f14cdbe32__ec4a2a97-464d-4d7d-abb5-b2455b968170	UCEC	CPTAC-3	Tumor	C3L-00780-03__C3L-00780-05
46362b9f-121e-4768-a656-f10a854290b0	UCEC	CPTAC-3	Normal	C3L-00932-02
466bfa7f-1353-4db7-9de1-337cc1aa41bb	UCEC	CPTAC-3	Tumor	C3N-01267-03
46b4af2c-ea21-403b-9ac0-77f42ff939b9	UCEC	CPTAC-3	Normal	C3L-00601-06
46eca875-a327-478f-a086-d4111f19ee11	UCEC	CPTAC-3	Tumor	C3L-00156-02
4700cb23-4918-483e-9ca3-751c088e2147	UCEC	CPTAC-3	Tumor	C3N-01825-01
4783b5d3-ba02-413d-9f2c-71af0b74aab5	UCEC	CPTAC-3	Tumor	C3L-01275-01
47ec3835-2848-46a4-9e33-5fdbbe173254	UCEC	CPTAC-3	Tumor	C3N-00340-03
481359ef-8584-4a39-b1d5-96db3e09f544	UCEC	CPTAC-3	Tumor	C3L-00362-02
490b5b9f-206a-4d77-a207-0ec3bf40dbf8	UCEC	CPTAC-3	Tumor	C3N-00151-03
4c127d85-ec39-45fb-b2ec-0b1c02469de1	UCEC	CPTAC-3	Tumor	C3N-00322-03
4cbe6180-9d20-4e92-80ec-14bdb8b12564	UCEC	CPTAC-3	Tumor	C3L-00137-02
4cdb7c3b-44af-4445-8635-05026e1a0a7c	UCEC	CPTAC-3	Tumor	C3L-00008-01
4ddeea74-8c1f-42ad-a906-728d398c09b0	UCEC	CPTAC-3	Tumor	C3L-00143-01
507cc6b0-9e00-4e33-a222-2175b5ec1d15	UCEC	CPTAC-3	Tumor	C3L-01257-01
508ad682-5b7c-46f3-8cee-b795df2e4911	UCEC	CPTAC-3	Tumor	C3L-00413-01
54aa8554-f395-4141-bf30-68880004ce94	UCEC	CPTAC-3	Tumor	C3L-00961-01
5666a27c-0482-4df9-8f8a-c84f2080a24b	UCEC	CPTAC-3	Tumor	C3L-00946-01
56c48cff-8316-4746-8774-6bb7cf627d17	UCEC	CPTAC-3	Tumor	C3L-00139-01
5860356c-e7d3-405a-869d-a135d28c2d59	UCEC	CPTAC-3	Normal	C3L-00361-06
586182ef-8d58-44ae-8188-79356625d61c	UCEC	CPTAC-3	Tumor	C3N-01537-01
5965bdbf-78fc-4036-b6e5-7ad1328d0235	UCEC	CPTAC-3	Normal	C3L-01311-06
5a0dc015-c3c9-4d42-a7be-299dd057f624	UCEC	CPTAC-3	Tumor	C3L-00449-01
5dd73d79-645a-4eab-b0bf-ec4e3e47cd9d	UCEC	CPTAC-3	Tumor	C3N-00848-02
660c8f9a-8401-4cd7-87ac-5428d97ad36c	UCEC	CPTAC-3	Tumor	C3L-00090-01
66103b0a-c4b5-4c14-be56-a4fb7c15b0c6	UCEC	CPTAC-3	Tumor	C3L-00918-01
67f0e427-10b4-40f8-9adf-cef2a2f7f718	UCEC	CPTAC-3	Tumor	C3L-00605-01
6910e6dc-4245-49d3-a8f2-5d0ceb2a2883	UCEC	CPTAC-3	Tumor	C3L-01312-01
69e3153e-c277-48af-ac94-88458b0849a2	UCEC	CPTAC-3	Tumor	C3L-01256-01
6b17998b-8892-4bfa-a979-5b1f52acda64	UCEC	CPTAC-3	Tumor	C3N-00379-01
6b7009d2-e40f-4e71-82ef-fbc631c04d4e	UCEC	CPTAC-3	Tumor	C3L-00771-01
6bd50d1c-4b3d-4998-8f1c-57bbd3ff5ea0	UCEC	CPTAC-3	Tumor	C3N-00866-01
6d000f49-2309-4b4d-bd2f-59dbcb863398	UCEC	CPTAC-3	Tumor	C3L-00767-01
703107fe-bd15-4160-afd9-be1b066f787f	UCEC	CPTAC-3	Normal	C3L-00586-06
73786677-c014-47c4-b7cb-2e65c9a82c7e	UCEC	CPTAC-3	Tumor	C3N-00326-01
74e893ec-8896-4753-b449-f46a392c5268__b8740c50-fc20-4b62-89ad-950609cd08b0	UCEC	CPTAC-3	Tumor	C3N-00729-02__C3N-00729-03
817c98fc-2d57-4cdb-9494-42b1569dc2d3	UCEC	CPTAC-3	Tumor	C3N-00334-02
82a6de44-9adf-4e24-95e7-f668ca16e785	UCEC	CPTAC-3	Normal	C3N-01003-05
8729ef6f-31e7-462e-ada7-49630cc1c612	UCEC	CPTAC-3	Normal	C3N-01346-05
87a7d6be-ef5b-4c72-9a2e-8a7e774950c0	UCEC	CPTAC-3	Tumor	C3N-00377-02
8e8c162b-8e0c-486a-9ef7-0432c29f12c9	UCEC	CPTAC-3	Normal	C3L-01307-06
8f990953-b481-4620-815f-99557a6d1d83	UCEC	CPTAC-3	Tumor	C3N-00389-04
8fa891af-2ab9-4e1a-9c68-34d2f5ad231f__e530dbf3-740e-4175-8997-52d6561db603	UCEC	CPTAC-3	Tumor	C3L-01307-01__C3L-01307-03
907d39d0-7e81-4d83-88dc-26cce0e7a0a1	UCEC	CPTAC-3	Tumor	C3N-01521-01
9275e848-7ab4-48a1-9dee-2562ddbdce3a	UCEC	CPTAC-3	Tumor	C3N-00836-02
9380c878-71f0-4973-8c51-b1e2221144ca	UCEC	CPTAC-3	Tumor	C3L-00157-02
93cc0ce3-314a-47f7-8969-27db9b696b3c	UCEC	CPTAC-3	Tumor	C3L-01304-01
9628a583-0249-4de5-a6ca-ac4b66554497__b99d8797-af34-45af-8372-08d764588068__ed59ef20-da15-437c-bf87-3e0c244390d2	UCEC	CPTAC-3	Tumor	C3N-00880-01__C3N-00880-03__C3N-00880-04
97a05a2d-ab19-4a06-967f-285701da6b0c	UCEC	CPTAC-3	Tumor	C3L-00032-01
9bd1f3db-f745-47b2-bbb6-f1346333a7a7	UCEC	CPTAC-3	Tumor	C3L-00770-01
9cf77477-96bc-4bf7-a651-3b9f71e6b5ba	UCEC	CPTAC-3	Tumor	C3L-00949-01
a55424f0-5943-47f9-abd1-ee530352580d	UCEC	CPTAC-3	Tumor	C3L-00006-01
a6ca41bc-6ba5-4b25-b66d-167ec7356570__f05fe413-a3b8-45c5-b27f-6d7b2ccab32f	UCEC	CPTAC-3	Tumor	C3N-00858-01__C3N-00858-04
ae078f81-8c18-41d8-8a3e-6bd96848cb2a	UCEC	CPTAC-3	Normal	C3L-01304-06
aebdfef4-99ad-4beb-b449-c6da68ed5b93	UCEC	CPTAC-3	Normal	C3N-00333-07
b5a48fac-f425-42ac-ad39-978efdf66e8e	UCEC	CPTAC-3	Tumor	C3L-00601-02
b71e6d8f-332b-437f-812f-c813c6131f8b	UCEC	CPTAC-3	Tumor	C3L-01246-01
b76bca03-8555-4c97-8a41-512c73c614c4	UCEC	CPTAC-3	Tumor	C3L-01247-01
be3eabfb-56dd-4a45-b9b9-6f1a6fd1107e	UCEC	CPTAC-3	Normal	C3L-00006-06
c10fdda6-f4c4-43f4-9e76-302b1c2cdb40	UCEC	CPTAC-3	Normal	C3N-00866-03
c4f7fe7a-7ddc-4733-8ed6-3124990adbf6	UCEC	CPTAC-3	Tumor	C3N-00850-02
c64fd59d-d632-47fe-af37-fbfe86b645a4	UCEC	CPTAC-3	Tumor	C3L-00769-01
cab22c50-fcd7-410e-8056-55499be518a4	UCEC	CPTAC-3	Tumor	C3N-01349-02
cb6b2cc0-d840-4968-837c-b3b833adfc52	UCEC	CPTAC-3	Tumor	C3N-01510-02
ccbd2b27-cd6e-4457-91e8-2c6e7e166502	UCEC	CPTAC-3	Tumor	C3N-00847-01
d032e4f4-d066-42fa-98ec-d1ab71a15dbe	UCEC	CPTAC-3	Tumor	C3L-01253-01
d4d7019b-9786-45a1-89fd-ccb4005dce06	UCEC	CPTAC-3	Tumor	C3L-01252-01
d6dba5d3-59b9-4a78-8006-92b8cee19c3a	UCEC	CPTAC-3	Tumor	C3L-00781-04
d7ecc946-7366-48cf-9cbf-0c79efdf0f74	UCEC	CPTAC-3	Tumor	C3N-00335-05
da8993a8-d120-43a6-9a93-65aced75ed19	UCEC	CPTAC-3	Tumor	C3N-01520-01
dea659ae-bc02-4c94-95a3-67a774f1350a	UCEC	CPTAC-3	Tumor	C3L-01925-07
e2dea305-497f-45dd-85a4-f4c16d629019	UCEC	CPTAC-3	Tumor	C3L-00942-01
e2e50097-4d54-46cc-99da-a7996b0803c4	UCEC	CPTAC-3	Tumor	C3N-01211-01
e461339a-15c1-4168-9550-94a8d4d32511	UCEC	CPTAC-3	Tumor	C3L-00930-01
e5730709-8f12-4e76-94d5-a437b18909b5	UCEC	CPTAC-3	Tumor	C3L-00136-03
e7c40e1c-44ab-46cb-8440-458f815f7244	UCEC	CPTAC-3	Tumor	C3L-01744-01
ea726162-4209-46b6-ba6c-ed27975b0702	UCEC	CPTAC-3	Tumor	C3N-01217-01
f05f2138-a92d-447b-98bd-0805b8ae1211	UCEC	CPTAC-3	Tumor	C3N-01219-03
f1e7d41b-802b-47f1-8cef-a17cd4817d37	UCEC	CPTAC-3	Tumor	C3N-00328-05
f2cf780a-e262-4349-bc39-9f126bbec4d3	UCEC	CPTAC-3	Tumor	C3L-00563-03
f337b2f5-e689-43bc-904a-2ab7cd9b3ecd	UCEC	CPTAC-3	Tumor	C3L-00586-03
f7dff1bd-6d4f-4c2c-8e51-964c07ca3976	UCEC	CPTAC-3	Tumor	C3N-00337-03
f8756add-b285-4a9b-bd68-0d53e845919f	UCEC	CPTAC-3	Tumor	C3L-00098-02
fd1f030b-2bd5-447b-bb55-e62e5cace785	UCEC	CPTAC-3	Tumor	C3N-00333-03
AS-152081-LR-22387	MEDUL_100	Other	Tumor	AS-152081-LR-22387
AS-152082-LR-22387	MEDUL_100	Other	Tumor	AS-152082-LR-22387
AS-152083-LR-22387	MEDUL_100	Other	Tumor	AS-152083-LR-22387
AS-152084-LR-22387	MEDUL_100	Other	Tumor	AS-152084-LR-22387
MB102	MEDUL_50	Other	Tumor	MB102
MB104	MEDUL_50	Other	Tumor	MB104
MB106	MEDUL_50	Other	Tumor	MB106
MB118	MEDUL_50	Other	Tumor	MB118
MB136	MEDUL_50	Other	Tumor	MB136
MB164	MEDUL_50	Other	Tumor	MB164
MB166	MEDUL_50	Other	Tumor	MB166
MB170	MEDUL_50	Other	Tumor	MB170
MB174	MEDUL_50	Other	Tumor	MB174
MB177	MEDUL_50	Other	Tumor	MB177
MB199	MEDUL_50	Other	Tumor	MB199
MB206	MEDUL_50	Other	Tumor	MB206
MB226	MEDUL_50	Other	Tumor	MB226
MB227	MEDUL_50	Other	Tumor	MB227
MB234	MEDUL_50	Other	Tumor	MB234
MB239	MEDUL_50	Other	Tumor	MB239
MB244	MEDUL_50	Other	Tumor	MB244
MB247	MEDUL_50	Other	Tumor	MB247
MB248	MEDUL_50	Other	Tumor	MB248
MB260	MEDUL_50	Other	Tumor	MB260
MB264	MEDUL_50	Other	Tumor	MB264
MB265	MEDUL_50	Other	Tumor	MB265
MB266	MEDUL_50	Other	Tumor	MB266
MB268	MEDUL_50	Other	Tumor	MB268
MB269	MEDUL_50	Other	Tumor	MB269
MB270	MEDUL_50	Other	Tumor	MB270
MB271	MEDUL_50	Other	Tumor	MB271
MB274	MEDUL_50	Other	Tumor	MB274
MB275	MEDUL_50	Other	Tumor	MB275
MB277	MEDUL_50	Other	Tumor	MB277
MB278	MEDUL_50	Other	Tumor	MB278
MB281	MEDUL_50	Other	Tumor	MB281
MB284	MEDUL_50	Other	Tumor	MB284
MB287	MEDUL_50	Other	Tumor	MB287
MB288	MEDUL_50	Other	Tumor	MB288
MB88	MEDUL_50	Other	Tumor	MB88
MB91	MEDUL_50	Other	Tumor	MB91
MB95	MEDUL_50	Other	Tumor	MB95
MB99	MEDUL_50	Other	Tumor	MB99
Undetermined_7	MEDUL_100	Other	Tumor	Undetermined_7
C3L-00001_polyA	LUAD-polyA	CPTAC3_polyA	Tumor	C3L-00001
C3L-00004_polyA	CCRCC-polyA	CPTAC3_polyA	Tumor	C3L-00004
C3L-00006_polyA	UCEC-polyA	CPTAC3_polyA	Tumor	C3L-00006
C3L-00008_polyA	UCEC-polyA	CPTAC3_polyA	Tumor	C3L-00008
C3L-00010_polyA	CCRCC-polyA	CPTAC3_polyA	Tumor	C3L-00010
C3L-00011_polyA	CCRCC-polyA	CPTAC3_polyA	Tumor	C3L-00011
C3L-00026_polyA	CCRCC-polyA	CPTAC3_polyA	Tumor	C3L-00026
C3L-00032_polyA	UCEC-polyA	CPTAC3_polyA	Tumor	C3L-00032
C3L-00079_polyA	CCRCC-polyA	CPTAC3_polyA	Tumor	C3L-00079
C3L-00080_polyA	LUAD-polyA	CPTAC3_polyA	Tumor	C3L-00080
C3L-00081_polyA	LSCC-polyA	CPTAC3_polyA	Tumor	C3L-00081
C3L-00088_polyA	CCRCC-polyA	CPTAC3_polyA	Tumor	C3L-00088
C3L-00090_polyA	UCEC-polyA	CPTAC3_polyA	Tumor	C3L-00090
C3L-00094_polyA	LUAD-polyA	CPTAC3_polyA	Tumor	C3L-00094
C3L-00095_polyA	LUAD-polyA	CPTAC3_polyA	Tumor	C3L-00095
C3L-00096_polyA	CCRCC-polyA	CPTAC3_polyA	Tumor	C3L-00096
C3L-00097_polyA	CCRCC-polyA	CPTAC3_polyA	Tumor	C3L-00097
C3L-00098_polyA	UCEC-polyA	CPTAC3_polyA	Tumor	C3L-00098
C3L-00102_polyA	PDAC-polyA	CPTAC3_polyA	Tumor	C3L-00102
C3L-00139_polyA	UCEC-polyA	CPTAC3_polyA	Tumor	C3L-00139
C3L-00140_polyA	LUAD-polyA	CPTAC3_polyA	Tumor	C3L-00140
C3L-00143_polyA	UCEC-polyA	CPTAC3_polyA	Tumor	C3L-00143
C3L-00144_polyA	LUAD-polyA	CPTAC3_polyA	Tumor	C3L-00144